      0  0.00000000E+00     NSTEP   TIME
 SURFACE NODE              X              Y  PRESSURE HEAD
            1   2.450000E+02   1.750000E+02  -1.500000E+01
            2   2.500000E+02   1.750000E+02  -1.500000E+01
            3   2.550000E+02   1.750000E+02  -1.500000E+01
            4   2.400000E+02   1.700000E+02  -1.500000E+01
            5   2.450000E+02   1.700000E+02  -1.500000E+01
            6   2.500000E+02   1.700000E+02  -1.500000E+01
            7   2.550000E+02   1.700000E+02  -1.500000E+01
            8   2.600000E+02   1.700000E+02  -1.500000E+01
            9   2.300000E+02   1.650000E+02  -1.500000E+01
           10   2.350000E+02   1.650000E+02  -1.500000E+01
           11   2.400000E+02   1.650000E+02  -1.500000E+01
           12   2.450000E+02   1.650000E+02  -1.500000E+01
           13   2.500000E+02   1.650000E+02  -1.500000E+01
           14   2.550000E+02   1.650000E+02  -1.500000E+01
           15   2.600000E+02   1.650000E+02  -1.500000E+01
           16   2.650000E+02   1.650000E+02  -1.500000E+01
           17   2.300000E+02   1.600000E+02  -1.500000E+01
           18   2.350000E+02   1.600000E+02  -1.500000E+01
           19   2.400000E+02   1.600000E+02  -1.500000E+01
           20   2.450000E+02   1.600000E+02  -1.500000E+01
           21   2.500000E+02   1.600000E+02  -1.500000E+01
           22   2.550000E+02   1.600000E+02  -1.500000E+01
           23   2.600000E+02   1.600000E+02  -1.500000E+01
           24   2.650000E+02   1.600000E+02  -1.500000E+01
           25   2.700000E+02   1.600000E+02  -1.500000E+01
           26   2.250000E+02   1.550000E+02  -1.500000E+01
           27   2.300000E+02   1.550000E+02  -1.500000E+01
           28   2.350000E+02   1.550000E+02  -1.500000E+01
           29   2.400000E+02   1.550000E+02  -1.500000E+01
           30   2.450000E+02   1.550000E+02  -1.500000E+01
           31   2.500000E+02   1.550000E+02  -1.500000E+01
           32   2.550000E+02   1.550000E+02  -1.500000E+01
           33   2.600000E+02   1.550000E+02  -1.500000E+01
           34   2.650000E+02   1.550000E+02  -1.500000E+01
           35   2.700000E+02   1.550000E+02  -1.500000E+01
           36   2.100000E+02   1.500000E+02  -1.500000E+01
           37   2.150000E+02   1.500000E+02  -1.500000E+01
           38   2.200000E+02   1.500000E+02  -1.500000E+01
           39   2.250000E+02   1.500000E+02  -1.500000E+01
           40   2.300000E+02   1.500000E+02  -1.500000E+01
           41   2.350000E+02   1.500000E+02  -1.500000E+01
           42   2.400000E+02   1.500000E+02  -1.500000E+01
           43   2.450000E+02   1.500000E+02  -1.500000E+01
           44   2.500000E+02   1.500000E+02  -1.500000E+01
           45   2.550000E+02   1.500000E+02  -1.500000E+01
           46   2.600000E+02   1.500000E+02  -1.500000E+01
           47   2.650000E+02   1.500000E+02  -1.500000E+01
           48   2.700000E+02   1.500000E+02  -1.500000E+01
           49   1.900000E+02   1.450000E+02  -1.500000E+01
           50   1.950000E+02   1.450000E+02  -1.500000E+01
           51   2.000000E+02   1.450000E+02  -1.500000E+01
           52   2.050000E+02   1.450000E+02  -1.500000E+01
           53   2.100000E+02   1.450000E+02  -1.500000E+01
           54   2.150000E+02   1.450000E+02  -1.500000E+01
           55   2.200000E+02   1.450000E+02  -1.500000E+01
           56   2.250000E+02   1.450000E+02  -1.500000E+01
           57   2.300000E+02   1.450000E+02  -1.500000E+01
           58   2.350000E+02   1.450000E+02  -1.500000E+01
           59   2.400000E+02   1.450000E+02  -1.500000E+01
           60   2.450000E+02   1.450000E+02  -1.500000E+01
           61   2.500000E+02   1.450000E+02  -1.500000E+01
           62   2.550000E+02   1.450000E+02  -1.500000E+01
           63   2.600000E+02   1.450000E+02  -1.500000E+01
           64   2.650000E+02   1.450000E+02  -1.500000E+01
           65   2.700000E+02   1.450000E+02  -1.500000E+01
           66   2.750000E+02   1.450000E+02  -1.500000E+01
           67   1.650000E+02   1.400000E+02  -1.500000E+01
           68   1.700000E+02   1.400000E+02  -1.500000E+01
           69   1.750000E+02   1.400000E+02  -1.500000E+01
           70   1.800000E+02   1.400000E+02  -1.500000E+01
           71   1.850000E+02   1.400000E+02  -1.500000E+01
           72   1.900000E+02   1.400000E+02  -1.500000E+01
           73   1.950000E+02   1.400000E+02  -1.500000E+01
           74   2.000000E+02   1.400000E+02  -1.500000E+01
           75   2.050000E+02   1.400000E+02  -1.500000E+01
           76   2.100000E+02   1.400000E+02  -1.500000E+01
           77   2.150000E+02   1.400000E+02  -1.500000E+01
           78   2.200000E+02   1.400000E+02  -1.500000E+01
           79   2.250000E+02   1.400000E+02  -1.500000E+01
           80   2.300000E+02   1.400000E+02  -1.500000E+01
           81   2.350000E+02   1.400000E+02  -1.500000E+01
           82   2.400000E+02   1.400000E+02  -1.500000E+01
           83   2.450000E+02   1.400000E+02  -1.500000E+01
           84   2.500000E+02   1.400000E+02  -1.500000E+01
           85   2.550000E+02   1.400000E+02  -1.500000E+01
           86   2.600000E+02   1.400000E+02  -1.500000E+01
           87   2.650000E+02   1.400000E+02  -1.500000E+01
           88   2.700000E+02   1.400000E+02  -1.500000E+01
           89   2.750000E+02   1.400000E+02  -1.500000E+01
           90   2.800000E+02   1.400000E+02  -1.500000E+01
           91   1.550000E+02   1.350000E+02  -1.500000E+01
           92   1.600000E+02   1.350000E+02  -1.500000E+01
           93   1.650000E+02   1.350000E+02  -1.500000E+01
           94   1.700000E+02   1.350000E+02  -1.500000E+01
           95   1.750000E+02   1.350000E+02  -1.500000E+01
           96   1.800000E+02   1.350000E+02  -1.500000E+01
           97   1.850000E+02   1.350000E+02  -1.500000E+01
           98   1.900000E+02   1.350000E+02  -1.500000E+01
           99   1.950000E+02   1.350000E+02  -1.500000E+01
          100   2.000000E+02   1.350000E+02  -1.500000E+01
          101   2.050000E+02   1.350000E+02  -1.500000E+01
          102   2.100000E+02   1.350000E+02  -1.500000E+01
          103   2.150000E+02   1.350000E+02  -1.500000E+01
          104   2.200000E+02   1.350000E+02  -1.500000E+01
          105   2.250000E+02   1.350000E+02  -1.500000E+01
          106   2.300000E+02   1.350000E+02  -1.500000E+01
          107   2.350000E+02   1.350000E+02  -1.500000E+01
          108   2.400000E+02   1.350000E+02  -1.500000E+01
          109   2.450000E+02   1.350000E+02  -1.500000E+01
          110   2.500000E+02   1.350000E+02  -1.500000E+01
          111   2.550000E+02   1.350000E+02  -1.500000E+01
          112   2.600000E+02   1.350000E+02  -1.500000E+01
          113   2.650000E+02   1.350000E+02  -1.500000E+01
          114   2.700000E+02   1.350000E+02  -1.500000E+01
          115   2.750000E+02   1.350000E+02  -1.500000E+01
          116   2.800000E+02   1.350000E+02  -1.500000E+01
          117   2.850000E+02   1.350000E+02  -1.500000E+01
          118   1.400000E+02   1.300000E+02  -1.500000E+01
          119   1.450000E+02   1.300000E+02  -1.500000E+01
          120   1.500000E+02   1.300000E+02  -1.500000E+01
          121   1.550000E+02   1.300000E+02  -1.500000E+01
          122   1.600000E+02   1.300000E+02  -1.500000E+01
          123   1.650000E+02   1.300000E+02  -1.500000E+01
          124   1.700000E+02   1.300000E+02  -1.500000E+01
          125   1.750000E+02   1.300000E+02  -1.500000E+01
          126   1.800000E+02   1.300000E+02  -1.500000E+01
          127   1.850000E+02   1.300000E+02  -1.500000E+01
          128   1.900000E+02   1.300000E+02  -1.500000E+01
          129   1.950000E+02   1.300000E+02  -1.500000E+01
          130   2.000000E+02   1.300000E+02  -1.500000E+01
          131   2.050000E+02   1.300000E+02  -1.500000E+01
          132   2.100000E+02   1.300000E+02  -1.500000E+01
          133   2.150000E+02   1.300000E+02  -1.500000E+01
          134   2.200000E+02   1.300000E+02  -1.500000E+01
          135   2.250000E+02   1.300000E+02  -1.500000E+01
          136   2.300000E+02   1.300000E+02  -1.500000E+01
          137   2.350000E+02   1.300000E+02  -1.500000E+01
          138   2.400000E+02   1.300000E+02  -1.500000E+01
          139   2.450000E+02   1.300000E+02  -1.500000E+01
          140   2.500000E+02   1.300000E+02  -1.500000E+01
          141   2.550000E+02   1.300000E+02  -1.500000E+01
          142   2.600000E+02   1.300000E+02  -1.500000E+01
          143   2.650000E+02   1.300000E+02  -1.500000E+01
          144   2.700000E+02   1.300000E+02  -1.500000E+01
          145   2.750000E+02   1.300000E+02  -1.500000E+01
          146   2.800000E+02   1.300000E+02  -1.500000E+01
          147   2.850000E+02   1.300000E+02  -1.500000E+01
          148   1.200000E+02   1.250000E+02  -1.500000E+01
          149   1.250000E+02   1.250000E+02  -1.500000E+01
          150   1.300000E+02   1.250000E+02  -1.500000E+01
          151   1.350000E+02   1.250000E+02  -1.500000E+01
          152   1.400000E+02   1.250000E+02  -1.500000E+01
          153   1.450000E+02   1.250000E+02  -1.500000E+01
          154   1.500000E+02   1.250000E+02  -1.500000E+01
          155   1.550000E+02   1.250000E+02  -1.500000E+01
          156   1.600000E+02   1.250000E+02  -1.500000E+01
          157   1.650000E+02   1.250000E+02  -1.500000E+01
          158   1.700000E+02   1.250000E+02  -1.500000E+01
          159   1.750000E+02   1.250000E+02  -1.500000E+01
          160   1.800000E+02   1.250000E+02  -1.500000E+01
          161   1.850000E+02   1.250000E+02  -1.500000E+01
          162   1.900000E+02   1.250000E+02  -1.500000E+01
          163   1.950000E+02   1.250000E+02  -1.500000E+01
          164   2.000000E+02   1.250000E+02  -1.500000E+01
          165   2.050000E+02   1.250000E+02  -1.500000E+01
          166   2.100000E+02   1.250000E+02  -1.500000E+01
          167   2.150000E+02   1.250000E+02  -1.500000E+01
          168   2.200000E+02   1.250000E+02  -1.500000E+01
          169   2.250000E+02   1.250000E+02  -1.500000E+01
          170   2.300000E+02   1.250000E+02  -1.500000E+01
          171   2.350000E+02   1.250000E+02  -1.500000E+01
          172   2.400000E+02   1.250000E+02  -1.500000E+01
          173   2.450000E+02   1.250000E+02  -1.500000E+01
          174   2.500000E+02   1.250000E+02  -1.500000E+01
          175   2.550000E+02   1.250000E+02  -1.500000E+01
          176   2.600000E+02   1.250000E+02  -1.500000E+01
          177   2.650000E+02   1.250000E+02  -1.500000E+01
          178   2.700000E+02   1.250000E+02  -1.500000E+01
          179   2.750000E+02   1.250000E+02  -1.500000E+01
          180   2.800000E+02   1.250000E+02  -1.500000E+01
          181   2.850000E+02   1.250000E+02  -1.500000E+01
          182   9.500000E+01   1.200000E+02  -1.500000E+01
          183   1.000000E+02   1.200000E+02  -1.500000E+01
          184   1.050000E+02   1.200000E+02  -1.500000E+01
          185   1.100000E+02   1.200000E+02  -1.500000E+01
          186   1.150000E+02   1.200000E+02  -1.500000E+01
          187   1.200000E+02   1.200000E+02  -1.500000E+01
          188   1.250000E+02   1.200000E+02  -1.500000E+01
          189   1.300000E+02   1.200000E+02  -1.500000E+01
          190   1.350000E+02   1.200000E+02  -1.500000E+01
          191   1.400000E+02   1.200000E+02  -1.500000E+01
          192   1.450000E+02   1.200000E+02  -1.500000E+01
          193   1.500000E+02   1.200000E+02  -1.500000E+01
          194   1.550000E+02   1.200000E+02  -1.500000E+01
          195   1.600000E+02   1.200000E+02  -1.500000E+01
          196   1.650000E+02   1.200000E+02  -1.500000E+01
          197   1.700000E+02   1.200000E+02  -1.500000E+01
          198   1.750000E+02   1.200000E+02  -1.500000E+01
          199   1.800000E+02   1.200000E+02  -1.500000E+01
          200   1.850000E+02   1.200000E+02  -1.500000E+01
          201   1.900000E+02   1.200000E+02  -1.500000E+01
          202   1.950000E+02   1.200000E+02  -1.500000E+01
          203   2.000000E+02   1.200000E+02  -1.500000E+01
          204   2.050000E+02   1.200000E+02  -1.500000E+01
          205   2.100000E+02   1.200000E+02  -1.500000E+01
          206   2.150000E+02   1.200000E+02  -1.500000E+01
          207   2.200000E+02   1.200000E+02  -1.500000E+01
          208   2.250000E+02   1.200000E+02  -1.500000E+01
          209   2.300000E+02   1.200000E+02  -1.500000E+01
          210   2.350000E+02   1.200000E+02  -1.500000E+01
          211   2.400000E+02   1.200000E+02  -1.500000E+01
          212   2.450000E+02   1.200000E+02  -1.500000E+01
          213   2.500000E+02   1.200000E+02  -1.500000E+01
          214   2.550000E+02   1.200000E+02  -1.500000E+01
          215   2.600000E+02   1.200000E+02  -1.500000E+01
          216   2.650000E+02   1.200000E+02  -1.500000E+01
          217   2.700000E+02   1.200000E+02  -1.500000E+01
          218   2.750000E+02   1.200000E+02  -1.500000E+01
          219   2.800000E+02   1.200000E+02  -1.500000E+01
          220   2.850000E+02   1.200000E+02  -1.500000E+01
          221   9.000000E+01   1.150000E+02  -1.500000E+01
          222   9.500000E+01   1.150000E+02  -1.500000E+01
          223   1.000000E+02   1.150000E+02  -1.500000E+01
          224   1.050000E+02   1.150000E+02  -1.500000E+01
          225   1.100000E+02   1.150000E+02  -1.500000E+01
          226   1.150000E+02   1.150000E+02  -1.500000E+01
          227   1.200000E+02   1.150000E+02  -1.500000E+01
          228   1.250000E+02   1.150000E+02  -1.500000E+01
          229   1.300000E+02   1.150000E+02  -1.500000E+01
          230   1.350000E+02   1.150000E+02  -1.500000E+01
          231   1.400000E+02   1.150000E+02  -1.500000E+01
          232   1.450000E+02   1.150000E+02  -1.500000E+01
          233   1.500000E+02   1.150000E+02  -1.500000E+01
          234   1.550000E+02   1.150000E+02  -1.500000E+01
          235   1.600000E+02   1.150000E+02  -1.500000E+01
          236   1.650000E+02   1.150000E+02  -1.500000E+01
          237   1.700000E+02   1.150000E+02  -1.500000E+01
          238   1.750000E+02   1.150000E+02  -1.500000E+01
          239   1.800000E+02   1.150000E+02  -1.500000E+01
          240   1.850000E+02   1.150000E+02  -1.500000E+01
          241   1.900000E+02   1.150000E+02  -1.500000E+01
          242   1.950000E+02   1.150000E+02  -1.500000E+01
          243   2.000000E+02   1.150000E+02  -1.500000E+01
          244   2.050000E+02   1.150000E+02  -1.500000E+01
          245   2.100000E+02   1.150000E+02  -1.500000E+01
          246   2.150000E+02   1.150000E+02  -1.500000E+01
          247   2.200000E+02   1.150000E+02  -1.500000E+01
          248   2.250000E+02   1.150000E+02  -1.500000E+01
          249   2.300000E+02   1.150000E+02  -1.500000E+01
          250   2.350000E+02   1.150000E+02  -1.500000E+01
          251   2.400000E+02   1.150000E+02  -1.500000E+01
          252   2.450000E+02   1.150000E+02  -1.500000E+01
          253   2.500000E+02   1.150000E+02  -1.500000E+01
          254   2.550000E+02   1.150000E+02  -1.500000E+01
          255   2.600000E+02   1.150000E+02  -1.500000E+01
          256   2.650000E+02   1.150000E+02  -1.500000E+01
          257   2.700000E+02   1.150000E+02  -1.500000E+01
          258   2.750000E+02   1.150000E+02  -1.500000E+01
          259   2.800000E+02   1.150000E+02  -1.500000E+01
          260   2.850000E+02   1.150000E+02  -1.500000E+01
          261   2.900000E+02   1.150000E+02  -1.500000E+01
          262   5.000000E+01   1.100000E+02  -1.500000E+01
          263   5.500000E+01   1.100000E+02  -1.500000E+01
          264   6.000000E+01   1.100000E+02  -1.500000E+01
          265   6.500000E+01   1.100000E+02  -1.500000E+01
          266   7.000000E+01   1.100000E+02  -1.500000E+01
          267   7.500000E+01   1.100000E+02  -1.500000E+01
          268   8.000000E+01   1.100000E+02  -1.500000E+01
          269   8.500000E+01   1.100000E+02  -1.500000E+01
          270   9.000000E+01   1.100000E+02  -1.500000E+01
          271   9.500000E+01   1.100000E+02  -1.500000E+01
          272   1.000000E+02   1.100000E+02  -1.500000E+01
          273   1.050000E+02   1.100000E+02  -1.500000E+01
          274   1.100000E+02   1.100000E+02  -1.500000E+01
          275   1.150000E+02   1.100000E+02  -1.500000E+01
          276   1.200000E+02   1.100000E+02  -1.500000E+01
          277   1.250000E+02   1.100000E+02  -1.500000E+01
          278   1.300000E+02   1.100000E+02  -1.500000E+01
          279   1.350000E+02   1.100000E+02  -1.500000E+01
          280   1.400000E+02   1.100000E+02  -1.500000E+01
          281   1.450000E+02   1.100000E+02  -1.500000E+01
          282   1.500000E+02   1.100000E+02  -1.500000E+01
          283   1.550000E+02   1.100000E+02  -1.500000E+01
          284   1.600000E+02   1.100000E+02  -1.500000E+01
          285   1.650000E+02   1.100000E+02  -1.500000E+01
          286   1.700000E+02   1.100000E+02  -1.500000E+01
          287   1.750000E+02   1.100000E+02  -1.500000E+01
          288   1.800000E+02   1.100000E+02  -1.500000E+01
          289   1.850000E+02   1.100000E+02  -1.500000E+01
          290   1.900000E+02   1.100000E+02  -1.500000E+01
          291   1.950000E+02   1.100000E+02  -1.500000E+01
          292   2.000000E+02   1.100000E+02  -1.500000E+01
          293   2.050000E+02   1.100000E+02  -1.500000E+01
          294   2.100000E+02   1.100000E+02  -1.500000E+01
          295   2.150000E+02   1.100000E+02  -1.500000E+01
          296   2.200000E+02   1.100000E+02  -1.500000E+01
          297   2.250000E+02   1.100000E+02  -1.500000E+01
          298   2.300000E+02   1.100000E+02  -1.500000E+01
          299   2.350000E+02   1.100000E+02  -1.500000E+01
          300   2.400000E+02   1.100000E+02  -1.500000E+01
          301   2.450000E+02   1.100000E+02  -1.500000E+01
          302   2.500000E+02   1.100000E+02  -1.500000E+01
          303   2.550000E+02   1.100000E+02  -1.500000E+01
          304   2.600000E+02   1.100000E+02  -1.500000E+01
          305   2.650000E+02   1.100000E+02  -1.500000E+01
          306   2.700000E+02   1.100000E+02  -1.500000E+01
          307   2.750000E+02   1.100000E+02  -1.500000E+01
          308   2.800000E+02   1.100000E+02  -1.500000E+01
          309   2.850000E+02   1.100000E+02  -1.500000E+01
          310   2.900000E+02   1.100000E+02  -1.500000E+01
          311   4.500000E+01   1.050000E+02  -1.500000E+01
          312   5.000000E+01   1.050000E+02  -1.500000E+01
          313   5.500000E+01   1.050000E+02  -1.500000E+01
          314   6.000000E+01   1.050000E+02  -1.500000E+01
          315   6.500000E+01   1.050000E+02  -1.500000E+01
          316   7.000000E+01   1.050000E+02  -1.500000E+01
          317   7.500000E+01   1.050000E+02  -1.500000E+01
          318   8.000000E+01   1.050000E+02  -1.500000E+01
          319   8.500000E+01   1.050000E+02  -1.500000E+01
          320   9.000000E+01   1.050000E+02  -1.500000E+01
          321   9.500000E+01   1.050000E+02  -1.500000E+01
          322   1.000000E+02   1.050000E+02  -1.500000E+01
          323   1.050000E+02   1.050000E+02  -1.500000E+01
          324   1.100000E+02   1.050000E+02  -1.500000E+01
          325   1.150000E+02   1.050000E+02  -1.500000E+01
          326   1.200000E+02   1.050000E+02  -1.500000E+01
          327   1.250000E+02   1.050000E+02  -1.500000E+01
          328   1.300000E+02   1.050000E+02  -1.500000E+01
          329   1.350000E+02   1.050000E+02  -1.500000E+01
          330   1.400000E+02   1.050000E+02  -1.500000E+01
          331   1.450000E+02   1.050000E+02  -1.500000E+01
          332   1.500000E+02   1.050000E+02  -1.500000E+01
          333   1.550000E+02   1.050000E+02  -1.500000E+01
          334   1.600000E+02   1.050000E+02  -1.500000E+01
          335   1.650000E+02   1.050000E+02  -1.500000E+01
          336   1.700000E+02   1.050000E+02  -1.500000E+01
          337   1.750000E+02   1.050000E+02  -1.500000E+01
          338   1.800000E+02   1.050000E+02  -1.500000E+01
          339   1.850000E+02   1.050000E+02  -1.500000E+01
          340   1.900000E+02   1.050000E+02  -1.500000E+01
          341   1.950000E+02   1.050000E+02  -1.500000E+01
          342   2.000000E+02   1.050000E+02  -1.500000E+01
          343   2.050000E+02   1.050000E+02  -1.500000E+01
          344   2.100000E+02   1.050000E+02  -1.500000E+01
          345   2.150000E+02   1.050000E+02  -1.500000E+01
          346   2.200000E+02   1.050000E+02  -1.500000E+01
          347   2.250000E+02   1.050000E+02  -1.500000E+01
          348   2.300000E+02   1.050000E+02  -1.500000E+01
          349   2.350000E+02   1.050000E+02  -1.500000E+01
          350   2.400000E+02   1.050000E+02  -1.500000E+01
          351   2.450000E+02   1.050000E+02  -1.500000E+01
          352   2.500000E+02   1.050000E+02  -1.500000E+01
          353   2.550000E+02   1.050000E+02  -1.500000E+01
          354   2.600000E+02   1.050000E+02  -1.500000E+01
          355   2.650000E+02   1.050000E+02  -1.500000E+01
          356   2.700000E+02   1.050000E+02  -1.500000E+01
          357   2.750000E+02   1.050000E+02  -1.500000E+01
          358   2.800000E+02   1.050000E+02  -1.500000E+01
          359   2.850000E+02   1.050000E+02  -1.500000E+01
          360   2.900000E+02   1.050000E+02  -1.500000E+01
          361   2.950000E+02   1.050000E+02  -1.500000E+01
          362   3.500000E+01   1.000000E+02  -1.500000E+01
          363   4.000000E+01   1.000000E+02  -1.500000E+01
          364   4.500000E+01   1.000000E+02  -1.500000E+01
          365   5.000000E+01   1.000000E+02  -1.500000E+01
          366   5.500000E+01   1.000000E+02  -1.500000E+01
          367   6.000000E+01   1.000000E+02  -1.500000E+01
          368   6.500000E+01   1.000000E+02  -1.500000E+01
          369   7.000000E+01   1.000000E+02  -1.500000E+01
          370   7.500000E+01   1.000000E+02  -1.500000E+01
          371   8.000000E+01   1.000000E+02  -1.500000E+01
          372   8.500000E+01   1.000000E+02  -1.500000E+01
          373   9.000000E+01   1.000000E+02  -1.500000E+01
          374   9.500000E+01   1.000000E+02  -1.500000E+01
          375   1.000000E+02   1.000000E+02  -1.500000E+01
          376   1.050000E+02   1.000000E+02  -1.500000E+01
          377   1.100000E+02   1.000000E+02  -1.500000E+01
          378   1.150000E+02   1.000000E+02  -1.500000E+01
          379   1.200000E+02   1.000000E+02  -1.500000E+01
          380   1.250000E+02   1.000000E+02  -1.500000E+01
          381   1.300000E+02   1.000000E+02  -1.500000E+01
          382   1.350000E+02   1.000000E+02  -1.500000E+01
          383   1.400000E+02   1.000000E+02  -1.500000E+01
          384   1.450000E+02   1.000000E+02  -1.500000E+01
          385   1.500000E+02   1.000000E+02  -1.500000E+01
          386   1.550000E+02   1.000000E+02  -1.500000E+01
          387   1.600000E+02   1.000000E+02  -1.500000E+01
          388   1.650000E+02   1.000000E+02  -1.500000E+01
          389   1.700000E+02   1.000000E+02  -1.500000E+01
          390   1.750000E+02   1.000000E+02  -1.500000E+01
          391   1.800000E+02   1.000000E+02  -1.500000E+01
          392   1.850000E+02   1.000000E+02  -1.500000E+01
          393   1.900000E+02   1.000000E+02  -1.500000E+01
          394   1.950000E+02   1.000000E+02  -1.500000E+01
          395   2.000000E+02   1.000000E+02  -1.500000E+01
          396   2.050000E+02   1.000000E+02  -1.500000E+01
          397   2.100000E+02   1.000000E+02  -1.500000E+01
          398   2.150000E+02   1.000000E+02  -1.500000E+01
          399   2.200000E+02   1.000000E+02  -1.500000E+01
          400   2.250000E+02   1.000000E+02  -1.500000E+01
          401   2.300000E+02   1.000000E+02  -1.500000E+01
          402   2.350000E+02   1.000000E+02  -1.500000E+01
          403   2.400000E+02   1.000000E+02  -1.500000E+01
          404   2.450000E+02   1.000000E+02  -1.500000E+01
          405   2.500000E+02   1.000000E+02  -1.500000E+01
          406   2.550000E+02   1.000000E+02  -1.500000E+01
          407   2.600000E+02   1.000000E+02  -1.500000E+01
          408   2.650000E+02   1.000000E+02  -1.500000E+01
          409   2.700000E+02   1.000000E+02  -1.500000E+01
          410   2.750000E+02   1.000000E+02  -1.500000E+01
          411   2.800000E+02   1.000000E+02  -1.500000E+01
          412   2.850000E+02   1.000000E+02  -1.500000E+01
          413   2.900000E+02   1.000000E+02  -1.500000E+01
          414   2.950000E+02   1.000000E+02  -1.500000E+01
          415   3.000000E+01   9.500000E+01  -1.500000E+01
          416   3.500000E+01   9.500000E+01  -1.500000E+01
          417   4.000000E+01   9.500000E+01  -1.500000E+01
          418   4.500000E+01   9.500000E+01  -1.500000E+01
          419   5.000000E+01   9.500000E+01  -1.500000E+01
          420   5.500000E+01   9.500000E+01  -1.500000E+01
          421   6.000000E+01   9.500000E+01  -1.500000E+01
          422   6.500000E+01   9.500000E+01  -1.500000E+01
          423   7.000000E+01   9.500000E+01  -1.500000E+01
          424   7.500000E+01   9.500000E+01  -1.500000E+01
          425   8.000000E+01   9.500000E+01  -1.500000E+01
          426   8.500000E+01   9.500000E+01  -1.500000E+01
          427   9.000000E+01   9.500000E+01  -1.500000E+01
          428   9.500000E+01   9.500000E+01  -1.500000E+01
          429   1.000000E+02   9.500000E+01  -1.500000E+01
          430   1.050000E+02   9.500000E+01  -1.500000E+01
          431   1.100000E+02   9.500000E+01  -1.500000E+01
          432   1.150000E+02   9.500000E+01  -1.500000E+01
          433   1.200000E+02   9.500000E+01  -1.500000E+01
          434   1.250000E+02   9.500000E+01  -1.500000E+01
          435   1.300000E+02   9.500000E+01  -1.500000E+01
          436   1.350000E+02   9.500000E+01  -1.500000E+01
          437   1.400000E+02   9.500000E+01  -1.500000E+01
          438   1.450000E+02   9.500000E+01  -1.500000E+01
          439   1.500000E+02   9.500000E+01  -1.500000E+01
          440   1.550000E+02   9.500000E+01  -1.500000E+01
          441   1.600000E+02   9.500000E+01  -1.500000E+01
          442   1.650000E+02   9.500000E+01  -1.500000E+01
          443   1.700000E+02   9.500000E+01  -1.500000E+01
          444   1.750000E+02   9.500000E+01  -1.500000E+01
          445   1.800000E+02   9.500000E+01  -1.500000E+01
          446   1.850000E+02   9.500000E+01  -1.500000E+01
          447   1.900000E+02   9.500000E+01  -1.500000E+01
          448   1.950000E+02   9.500000E+01  -1.500000E+01
          449   2.000000E+02   9.500000E+01  -1.500000E+01
          450   2.050000E+02   9.500000E+01  -1.500000E+01
          451   2.100000E+02   9.500000E+01  -1.500000E+01
          452   2.150000E+02   9.500000E+01  -1.500000E+01
          453   2.200000E+02   9.500000E+01  -1.500000E+01
          454   2.250000E+02   9.500000E+01  -1.500000E+01
          455   2.300000E+02   9.500000E+01  -1.500000E+01
          456   2.350000E+02   9.500000E+01  -1.500000E+01
          457   2.400000E+02   9.500000E+01  -1.500000E+01
          458   2.450000E+02   9.500000E+01  -1.500000E+01
          459   2.500000E+02   9.500000E+01  -1.500000E+01
          460   2.550000E+02   9.500000E+01  -1.500000E+01
          461   2.600000E+02   9.500000E+01  -1.500000E+01
          462   2.650000E+02   9.500000E+01  -1.500000E+01
          463   2.700000E+02   9.500000E+01  -1.500000E+01
          464   2.750000E+02   9.500000E+01  -1.500000E+01
          465   2.800000E+02   9.500000E+01  -1.500000E+01
          466   2.850000E+02   9.500000E+01  -1.500000E+01
          467   2.900000E+02   9.500000E+01  -1.500000E+01
          468   2.950000E+02   9.500000E+01  -1.500000E+01
          469   1.500000E+01   9.000000E+01  -1.500000E+01
          470   2.000000E+01   9.000000E+01  -1.500000E+01
          471   2.500000E+01   9.000000E+01  -1.500000E+01
          472   3.000000E+01   9.000000E+01  -1.500000E+01
          473   3.500000E+01   9.000000E+01  -1.500000E+01
          474   4.000000E+01   9.000000E+01  -1.500000E+01
          475   4.500000E+01   9.000000E+01  -1.500000E+01
          476   5.000000E+01   9.000000E+01  -1.500000E+01
          477   5.500000E+01   9.000000E+01  -1.500000E+01
          478   6.000000E+01   9.000000E+01  -1.500000E+01
          479   6.500000E+01   9.000000E+01  -1.500000E+01
          480   7.000000E+01   9.000000E+01  -1.500000E+01
          481   7.500000E+01   9.000000E+01  -1.500000E+01
          482   8.000000E+01   9.000000E+01  -1.500000E+01
          483   8.500000E+01   9.000000E+01  -1.500000E+01
          484   9.000000E+01   9.000000E+01  -1.500000E+01
          485   9.500000E+01   9.000000E+01  -1.500000E+01
          486   1.000000E+02   9.000000E+01  -1.500000E+01
          487   1.050000E+02   9.000000E+01  -1.500000E+01
          488   1.100000E+02   9.000000E+01  -1.500000E+01
          489   1.150000E+02   9.000000E+01  -1.500000E+01
          490   1.200000E+02   9.000000E+01  -1.500000E+01
          491   1.250000E+02   9.000000E+01  -1.500000E+01
          492   1.300000E+02   9.000000E+01  -1.500000E+01
          493   1.350000E+02   9.000000E+01  -1.500000E+01
          494   1.400000E+02   9.000000E+01  -1.500000E+01
          495   1.450000E+02   9.000000E+01  -1.500000E+01
          496   1.500000E+02   9.000000E+01  -1.500000E+01
          497   1.550000E+02   9.000000E+01  -1.500000E+01
          498   1.600000E+02   9.000000E+01  -1.500000E+01
          499   1.650000E+02   9.000000E+01  -1.500000E+01
          500   1.700000E+02   9.000000E+01  -1.500000E+01
          501   1.750000E+02   9.000000E+01  -1.500000E+01
          502   1.800000E+02   9.000000E+01  -1.500000E+01
          503   1.850000E+02   9.000000E+01  -1.500000E+01
          504   1.900000E+02   9.000000E+01  -1.500000E+01
          505   1.950000E+02   9.000000E+01  -1.500000E+01
          506   2.000000E+02   9.000000E+01  -1.500000E+01
          507   2.050000E+02   9.000000E+01  -1.500000E+01
          508   2.100000E+02   9.000000E+01  -1.500000E+01
          509   2.150000E+02   9.000000E+01  -1.500000E+01
          510   2.200000E+02   9.000000E+01  -1.500000E+01
          511   2.250000E+02   9.000000E+01  -1.500000E+01
          512   2.300000E+02   9.000000E+01  -1.500000E+01
          513   2.350000E+02   9.000000E+01  -1.500000E+01
          514   2.400000E+02   9.000000E+01  -1.500000E+01
          515   2.450000E+02   9.000000E+01  -1.500000E+01
          516   2.500000E+02   9.000000E+01  -1.500000E+01
          517   2.550000E+02   9.000000E+01  -1.500000E+01
          518   2.600000E+02   9.000000E+01  -1.500000E+01
          519   2.650000E+02   9.000000E+01  -1.500000E+01
          520   2.700000E+02   9.000000E+01  -1.500000E+01
          521   2.750000E+02   9.000000E+01  -1.500000E+01
          522   2.800000E+02   9.000000E+01  -1.500000E+01
          523   2.850000E+02   9.000000E+01  -1.500000E+01
          524   2.900000E+02   9.000000E+01  -1.500000E+01
          525   2.950000E+02   9.000000E+01  -1.500000E+01
          526   1.000000E+01   8.500000E+01  -1.500000E+01
          527   1.500000E+01   8.500000E+01  -1.500000E+01
          528   2.000000E+01   8.500000E+01  -1.500000E+01
          529   2.500000E+01   8.500000E+01  -1.500000E+01
          530   3.000000E+01   8.500000E+01  -1.500000E+01
          531   3.500000E+01   8.500000E+01  -1.500000E+01
          532   4.000000E+01   8.500000E+01  -1.500000E+01
          533   4.500000E+01   8.500000E+01  -1.500000E+01
          534   5.000000E+01   8.500000E+01  -1.500000E+01
          535   5.500000E+01   8.500000E+01  -1.500000E+01
          536   6.000000E+01   8.500000E+01  -1.500000E+01
          537   6.500000E+01   8.500000E+01  -1.500000E+01
          538   7.000000E+01   8.500000E+01  -1.500000E+01
          539   7.500000E+01   8.500000E+01  -1.500000E+01
          540   8.000000E+01   8.500000E+01  -1.500000E+01
          541   8.500000E+01   8.500000E+01  -1.500000E+01
          542   9.000000E+01   8.500000E+01  -1.500000E+01
          543   9.500000E+01   8.500000E+01  -1.500000E+01
          544   1.000000E+02   8.500000E+01  -1.500000E+01
          545   1.050000E+02   8.500000E+01  -1.500000E+01
          546   1.100000E+02   8.500000E+01  -1.500000E+01
          547   1.150000E+02   8.500000E+01  -1.500000E+01
          548   1.200000E+02   8.500000E+01  -1.500000E+01
          549   1.250000E+02   8.500000E+01  -1.500000E+01
          550   1.300000E+02   8.500000E+01  -1.500000E+01
          551   1.350000E+02   8.500000E+01  -1.500000E+01
          552   1.400000E+02   8.500000E+01  -1.500000E+01
          553   1.450000E+02   8.500000E+01  -1.500000E+01
          554   1.500000E+02   8.500000E+01  -1.500000E+01
          555   1.550000E+02   8.500000E+01  -1.500000E+01
          556   1.600000E+02   8.500000E+01  -1.500000E+01
          557   1.650000E+02   8.500000E+01  -1.500000E+01
          558   1.700000E+02   8.500000E+01  -1.500000E+01
          559   1.750000E+02   8.500000E+01  -1.500000E+01
          560   1.800000E+02   8.500000E+01  -1.500000E+01
          561   1.850000E+02   8.500000E+01  -1.500000E+01
          562   1.900000E+02   8.500000E+01  -1.500000E+01
          563   1.950000E+02   8.500000E+01  -1.500000E+01
          564   2.000000E+02   8.500000E+01  -1.500000E+01
          565   2.050000E+02   8.500000E+01  -1.500000E+01
          566   2.100000E+02   8.500000E+01  -1.500000E+01
          567   2.150000E+02   8.500000E+01  -1.500000E+01
          568   2.200000E+02   8.500000E+01  -1.500000E+01
          569   2.250000E+02   8.500000E+01  -1.500000E+01
          570   2.300000E+02   8.500000E+01  -1.500000E+01
          571   2.350000E+02   8.500000E+01  -1.500000E+01
          572   2.400000E+02   8.500000E+01  -1.500000E+01
          573   2.450000E+02   8.500000E+01  -1.500000E+01
          574   2.500000E+02   8.500000E+01  -1.500000E+01
          575   2.550000E+02   8.500000E+01  -1.500000E+01
          576   2.600000E+02   8.500000E+01  -1.500000E+01
          577   2.650000E+02   8.500000E+01  -1.500000E+01
          578   2.700000E+02   8.500000E+01  -1.500000E+01
          579   2.750000E+02   8.500000E+01  -1.500000E+01
          580   2.800000E+02   8.500000E+01  -1.500000E+01
          581   2.850000E+02   8.500000E+01  -1.500000E+01
          582   2.900000E+02   8.500000E+01  -1.500000E+01
          583   2.950000E+02   8.500000E+01  -1.500000E+01
          584   3.000000E+02   8.500000E+01  -1.500000E+01
          585   1.000000E+01   8.000000E+01  -1.500000E+01
          586   1.500000E+01   8.000000E+01  -1.500000E+01
          587   2.000000E+01   8.000000E+01  -1.500000E+01
          588   2.500000E+01   8.000000E+01  -1.500000E+01
          589   3.000000E+01   8.000000E+01  -1.500000E+01
          590   3.500000E+01   8.000000E+01  -1.500000E+01
          591   4.000000E+01   8.000000E+01  -1.500000E+01
          592   4.500000E+01   8.000000E+01  -1.500000E+01
          593   5.000000E+01   8.000000E+01  -1.500000E+01
          594   5.500000E+01   8.000000E+01  -1.500000E+01
          595   6.000000E+01   8.000000E+01  -1.500000E+01
          596   6.500000E+01   8.000000E+01  -1.500000E+01
          597   7.000000E+01   8.000000E+01  -1.500000E+01
          598   7.500000E+01   8.000000E+01  -1.500000E+01
          599   8.000000E+01   8.000000E+01  -1.500000E+01
          600   8.500000E+01   8.000000E+01  -1.500000E+01
          601   9.000000E+01   8.000000E+01  -1.500000E+01
          602   9.500000E+01   8.000000E+01  -1.500000E+01
          603   1.000000E+02   8.000000E+01  -1.500000E+01
          604   1.050000E+02   8.000000E+01  -1.500000E+01
          605   1.100000E+02   8.000000E+01  -1.500000E+01
          606   1.150000E+02   8.000000E+01  -1.500000E+01
          607   1.200000E+02   8.000000E+01  -1.500000E+01
          608   1.250000E+02   8.000000E+01  -1.500000E+01
          609   1.300000E+02   8.000000E+01  -1.500000E+01
          610   1.350000E+02   8.000000E+01  -1.500000E+01
          611   1.400000E+02   8.000000E+01  -1.500000E+01
          612   1.450000E+02   8.000000E+01  -1.500000E+01
          613   1.500000E+02   8.000000E+01  -1.500000E+01
          614   1.550000E+02   8.000000E+01  -1.500000E+01
          615   1.600000E+02   8.000000E+01  -1.500000E+01
          616   1.650000E+02   8.000000E+01  -1.500000E+01
          617   1.700000E+02   8.000000E+01  -1.500000E+01
          618   1.750000E+02   8.000000E+01  -1.500000E+01
          619   1.800000E+02   8.000000E+01  -1.500000E+01
          620   1.850000E+02   8.000000E+01  -1.500000E+01
          621   1.900000E+02   8.000000E+01  -1.500000E+01
          622   1.950000E+02   8.000000E+01  -1.500000E+01
          623   2.000000E+02   8.000000E+01  -1.500000E+01
          624   2.050000E+02   8.000000E+01  -1.500000E+01
          625   2.100000E+02   8.000000E+01  -1.500000E+01
          626   2.150000E+02   8.000000E+01  -1.500000E+01
          627   2.200000E+02   8.000000E+01  -1.500000E+01
          628   2.250000E+02   8.000000E+01  -1.500000E+01
          629   2.300000E+02   8.000000E+01  -1.500000E+01
          630   2.350000E+02   8.000000E+01  -1.500000E+01
          631   2.400000E+02   8.000000E+01  -1.500000E+01
          632   2.450000E+02   8.000000E+01  -1.500000E+01
          633   2.500000E+02   8.000000E+01  -1.500000E+01
          634   2.550000E+02   8.000000E+01  -1.500000E+01
          635   2.600000E+02   8.000000E+01  -1.500000E+01
          636   2.650000E+02   8.000000E+01  -1.500000E+01
          637   2.700000E+02   8.000000E+01  -1.500000E+01
          638   2.750000E+02   8.000000E+01  -1.500000E+01
          639   2.800000E+02   8.000000E+01  -1.500000E+01
          640   2.850000E+02   8.000000E+01  -1.500000E+01
          641   2.900000E+02   8.000000E+01  -1.500000E+01
          642   2.950000E+02   8.000000E+01  -1.500000E+01
          643   3.000000E+02   8.000000E+01  -1.500000E+01
          644   3.050000E+02   8.000000E+01  -1.500000E+01
          645   1.000000E+01   7.500000E+01  -1.500000E+01
          646   1.500000E+01   7.500000E+01  -1.500000E+01
          647   2.000000E+01   7.500000E+01  -1.500000E+01
          648   2.500000E+01   7.500000E+01  -1.500000E+01
          649   3.000000E+01   7.500000E+01  -1.500000E+01
          650   3.500000E+01   7.500000E+01  -1.500000E+01
          651   4.000000E+01   7.500000E+01  -1.500000E+01
          652   4.500000E+01   7.500000E+01  -1.500000E+01
          653   5.000000E+01   7.500000E+01  -1.500000E+01
          654   5.500000E+01   7.500000E+01  -1.500000E+01
          655   6.000000E+01   7.500000E+01  -1.500000E+01
          656   6.500000E+01   7.500000E+01  -1.500000E+01
          657   7.000000E+01   7.500000E+01  -1.500000E+01
          658   7.500000E+01   7.500000E+01  -1.500000E+01
          659   8.000000E+01   7.500000E+01  -1.500000E+01
          660   8.500000E+01   7.500000E+01  -1.500000E+01
          661   9.000000E+01   7.500000E+01  -1.500000E+01
          662   9.500000E+01   7.500000E+01  -1.500000E+01
          663   1.000000E+02   7.500000E+01  -1.500000E+01
          664   1.050000E+02   7.500000E+01  -1.500000E+01
          665   1.100000E+02   7.500000E+01  -1.500000E+01
          666   1.150000E+02   7.500000E+01  -1.500000E+01
          667   1.200000E+02   7.500000E+01  -1.500000E+01
          668   1.250000E+02   7.500000E+01  -1.500000E+01
          669   1.300000E+02   7.500000E+01  -1.500000E+01
          670   1.350000E+02   7.500000E+01  -1.500000E+01
          671   1.400000E+02   7.500000E+01  -1.500000E+01
          672   1.450000E+02   7.500000E+01  -1.500000E+01
          673   1.500000E+02   7.500000E+01  -1.500000E+01
          674   1.550000E+02   7.500000E+01  -1.500000E+01
          675   1.600000E+02   7.500000E+01  -1.500000E+01
          676   1.650000E+02   7.500000E+01  -1.500000E+01
          677   1.700000E+02   7.500000E+01  -1.500000E+01
          678   1.750000E+02   7.500000E+01  -1.500000E+01
          679   1.800000E+02   7.500000E+01  -1.500000E+01
          680   1.850000E+02   7.500000E+01  -1.500000E+01
          681   1.900000E+02   7.500000E+01  -1.500000E+01
          682   1.950000E+02   7.500000E+01  -1.500000E+01
          683   2.000000E+02   7.500000E+01  -1.500000E+01
          684   2.050000E+02   7.500000E+01  -1.500000E+01
          685   2.100000E+02   7.500000E+01  -1.500000E+01
          686   2.150000E+02   7.500000E+01  -1.500000E+01
          687   2.200000E+02   7.500000E+01  -1.500000E+01
          688   2.250000E+02   7.500000E+01  -1.500000E+01
          689   2.300000E+02   7.500000E+01  -1.500000E+01
          690   2.350000E+02   7.500000E+01  -1.500000E+01
          691   2.400000E+02   7.500000E+01  -1.500000E+01
          692   2.450000E+02   7.500000E+01  -1.500000E+01
          693   2.500000E+02   7.500000E+01  -1.500000E+01
          694   2.550000E+02   7.500000E+01  -1.500000E+01
          695   2.600000E+02   7.500000E+01  -1.500000E+01
          696   2.650000E+02   7.500000E+01  -1.500000E+01
          697   2.700000E+02   7.500000E+01  -1.500000E+01
          698   2.750000E+02   7.500000E+01  -1.500000E+01
          699   2.800000E+02   7.500000E+01  -1.500000E+01
          700   2.850000E+02   7.500000E+01  -1.500000E+01
          701   2.900000E+02   7.500000E+01  -1.500000E+01
          702   2.950000E+02   7.500000E+01  -1.500000E+01
          703   3.000000E+02   7.500000E+01  -1.500000E+01
          704   3.050000E+02   7.500000E+01  -1.500000E+01
          705   1.000000E+01   7.000000E+01  -1.500000E+01
          706   1.500000E+01   7.000000E+01  -1.500000E+01
          707   2.000000E+01   7.000000E+01  -1.500000E+01
          708   2.500000E+01   7.000000E+01  -1.500000E+01
          709   3.000000E+01   7.000000E+01  -1.500000E+01
          710   3.500000E+01   7.000000E+01  -1.500000E+01
          711   4.000000E+01   7.000000E+01  -1.500000E+01
          712   4.500000E+01   7.000000E+01  -1.500000E+01
          713   5.000000E+01   7.000000E+01  -1.500000E+01
          714   5.500000E+01   7.000000E+01  -1.500000E+01
          715   6.000000E+01   7.000000E+01  -1.500000E+01
          716   6.500000E+01   7.000000E+01  -1.500000E+01
          717   7.000000E+01   7.000000E+01  -1.500000E+01
          718   7.500000E+01   7.000000E+01  -1.500000E+01
          719   8.000000E+01   7.000000E+01  -1.500000E+01
          720   8.500000E+01   7.000000E+01  -1.500000E+01
          721   9.000000E+01   7.000000E+01  -1.500000E+01
          722   9.500000E+01   7.000000E+01  -1.500000E+01
          723   1.000000E+02   7.000000E+01  -1.500000E+01
          724   1.050000E+02   7.000000E+01  -1.500000E+01
          725   1.100000E+02   7.000000E+01  -1.500000E+01
          726   1.150000E+02   7.000000E+01  -1.500000E+01
          727   1.200000E+02   7.000000E+01  -1.500000E+01
          728   1.250000E+02   7.000000E+01  -1.500000E+01
          729   1.300000E+02   7.000000E+01  -1.500000E+01
          730   1.350000E+02   7.000000E+01  -1.500000E+01
          731   1.400000E+02   7.000000E+01  -1.500000E+01
          732   1.450000E+02   7.000000E+01  -1.500000E+01
          733   1.500000E+02   7.000000E+01  -1.500000E+01
          734   1.550000E+02   7.000000E+01  -1.500000E+01
          735   1.600000E+02   7.000000E+01  -1.500000E+01
          736   1.650000E+02   7.000000E+01  -1.500000E+01
          737   1.700000E+02   7.000000E+01  -1.500000E+01
          738   1.750000E+02   7.000000E+01  -1.500000E+01
          739   1.800000E+02   7.000000E+01  -1.500000E+01
          740   1.850000E+02   7.000000E+01  -1.500000E+01
          741   1.900000E+02   7.000000E+01  -1.500000E+01
          742   1.950000E+02   7.000000E+01  -1.500000E+01
          743   2.000000E+02   7.000000E+01  -1.500000E+01
          744   2.050000E+02   7.000000E+01  -1.500000E+01
          745   2.100000E+02   7.000000E+01  -1.500000E+01
          746   2.150000E+02   7.000000E+01  -1.500000E+01
          747   2.200000E+02   7.000000E+01  -1.500000E+01
          748   2.250000E+02   7.000000E+01  -1.500000E+01
          749   2.300000E+02   7.000000E+01  -1.500000E+01
          750   2.350000E+02   7.000000E+01  -1.500000E+01
          751   2.400000E+02   7.000000E+01  -1.500000E+01
          752   2.450000E+02   7.000000E+01  -1.500000E+01
          753   2.500000E+02   7.000000E+01  -1.500000E+01
          754   2.550000E+02   7.000000E+01  -1.500000E+01
          755   2.600000E+02   7.000000E+01  -1.500000E+01
          756   2.650000E+02   7.000000E+01  -1.500000E+01
          757   2.700000E+02   7.000000E+01  -1.500000E+01
          758   2.750000E+02   7.000000E+01  -1.500000E+01
          759   5.000000E+00   6.500000E+01  -1.500000E+01
          760   1.000000E+01   6.500000E+01  -1.500000E+01
          761   1.500000E+01   6.500000E+01  -1.500000E+01
          762   2.000000E+01   6.500000E+01  -1.500000E+01
          763   2.500000E+01   6.500000E+01  -1.500000E+01
          764   3.000000E+01   6.500000E+01  -1.500000E+01
          765   3.500000E+01   6.500000E+01  -1.500000E+01
          766   4.000000E+01   6.500000E+01  -1.500000E+01
          767   4.500000E+01   6.500000E+01  -1.500000E+01
          768   5.000000E+01   6.500000E+01  -1.500000E+01
          769   5.500000E+01   6.500000E+01  -1.500000E+01
          770   6.000000E+01   6.500000E+01  -1.500000E+01
          771   6.500000E+01   6.500000E+01  -1.500000E+01
          772   7.000000E+01   6.500000E+01  -1.500000E+01
          773   7.500000E+01   6.500000E+01  -1.500000E+01
          774   8.000000E+01   6.500000E+01  -1.500000E+01
          775   8.500000E+01   6.500000E+01  -1.500000E+01
          776   9.000000E+01   6.500000E+01  -1.500000E+01
          777   9.500000E+01   6.500000E+01  -1.500000E+01
          778   1.000000E+02   6.500000E+01  -1.500000E+01
          779   1.050000E+02   6.500000E+01  -1.500000E+01
          780   1.100000E+02   6.500000E+01  -1.500000E+01
          781   1.150000E+02   6.500000E+01  -1.500000E+01
          782   1.200000E+02   6.500000E+01  -1.500000E+01
          783   1.250000E+02   6.500000E+01  -1.500000E+01
          784   1.300000E+02   6.500000E+01  -1.500000E+01
          785   1.350000E+02   6.500000E+01  -1.500000E+01
          786   1.400000E+02   6.500000E+01  -1.500000E+01
          787   1.450000E+02   6.500000E+01  -1.500000E+01
          788   1.500000E+02   6.500000E+01  -1.500000E+01
          789   1.550000E+02   6.500000E+01  -1.500000E+01
          790   1.600000E+02   6.500000E+01  -1.500000E+01
          791   1.650000E+02   6.500000E+01  -1.500000E+01
          792   1.700000E+02   6.500000E+01  -1.500000E+01
          793   1.750000E+02   6.500000E+01  -1.500000E+01
          794   1.800000E+02   6.500000E+01  -1.500000E+01
          795   1.850000E+02   6.500000E+01  -1.500000E+01
          796   1.900000E+02   6.500000E+01  -1.500000E+01
          797   1.950000E+02   6.500000E+01  -1.500000E+01
          798   2.000000E+02   6.500000E+01  -1.500000E+01
          799   2.050000E+02   6.500000E+01  -1.500000E+01
          800   2.100000E+02   6.500000E+01  -1.500000E+01
          801   2.150000E+02   6.500000E+01  -1.500000E+01
          802   2.200000E+02   6.500000E+01  -1.500000E+01
          803   2.250000E+02   6.500000E+01  -1.500000E+01
          804   2.300000E+02   6.500000E+01  -1.500000E+01
          805   2.350000E+02   6.500000E+01  -1.500000E+01
          806   2.400000E+02   6.500000E+01  -1.500000E+01
          807   2.450000E+02   6.500000E+01  -1.500000E+01
          808   2.500000E+02   6.500000E+01  -1.500000E+01
          809   2.550000E+02   6.500000E+01  -1.500000E+01
          810   2.600000E+02   6.500000E+01  -1.500000E+01
          811   2.650000E+02   6.500000E+01  -1.500000E+01
          812   0.000000E+00   6.000000E+01  -1.500000E+01
          813   5.000000E+00   6.000000E+01  -1.500000E+01
          814   1.000000E+01   6.000000E+01  -1.500000E+01
          815   1.500000E+01   6.000000E+01  -1.500000E+01
          816   2.000000E+01   6.000000E+01  -1.500000E+01
          817   2.500000E+01   6.000000E+01  -1.500000E+01
          818   3.000000E+01   6.000000E+01  -1.500000E+01
          819   3.500000E+01   6.000000E+01  -1.500000E+01
          820   4.000000E+01   6.000000E+01  -1.500000E+01
          821   4.500000E+01   6.000000E+01  -1.500000E+01
          822   5.000000E+01   6.000000E+01  -1.500000E+01
          823   5.500000E+01   6.000000E+01  -1.500000E+01
          824   6.000000E+01   6.000000E+01  -1.500000E+01
          825   6.500000E+01   6.000000E+01  -1.500000E+01
          826   7.000000E+01   6.000000E+01  -1.500000E+01
          827   7.500000E+01   6.000000E+01  -1.500000E+01
          828   8.000000E+01   6.000000E+01  -1.500000E+01
          829   8.500000E+01   6.000000E+01  -1.500000E+01
          830   9.000000E+01   6.000000E+01  -1.500000E+01
          831   9.500000E+01   6.000000E+01  -1.500000E+01
          832   1.000000E+02   6.000000E+01  -1.500000E+01
          833   1.050000E+02   6.000000E+01  -1.500000E+01
          834   1.100000E+02   6.000000E+01  -1.500000E+01
          835   1.150000E+02   6.000000E+01  -1.500000E+01
          836   1.200000E+02   6.000000E+01  -1.500000E+01
          837   1.250000E+02   6.000000E+01  -1.500000E+01
          838   1.300000E+02   6.000000E+01  -1.500000E+01
          839   1.350000E+02   6.000000E+01  -1.500000E+01
          840   1.400000E+02   6.000000E+01  -1.500000E+01
          841   1.450000E+02   6.000000E+01  -1.500000E+01
          842   1.500000E+02   6.000000E+01  -1.500000E+01
          843   1.550000E+02   6.000000E+01  -1.500000E+01
          844   1.600000E+02   6.000000E+01  -1.500000E+01
          845   1.650000E+02   6.000000E+01  -1.500000E+01
          846   1.700000E+02   6.000000E+01  -1.500000E+01
          847   1.750000E+02   6.000000E+01  -1.500000E+01
          848   1.800000E+02   6.000000E+01  -1.500000E+01
          849   1.850000E+02   6.000000E+01  -1.500000E+01
          850   1.900000E+02   6.000000E+01  -1.500000E+01
          851   1.950000E+02   6.000000E+01  -1.500000E+01
          852   2.000000E+02   6.000000E+01  -1.500000E+01
          853   2.050000E+02   6.000000E+01  -1.500000E+01
          854   2.100000E+02   6.000000E+01  -1.500000E+01
          855   2.150000E+02   6.000000E+01  -1.500000E+01
          856   2.200000E+02   6.000000E+01  -1.500000E+01
          857   2.250000E+02   6.000000E+01  -1.500000E+01
          858   2.300000E+02   6.000000E+01  -1.500000E+01
          859   2.350000E+02   6.000000E+01  -1.500000E+01
          860   2.400000E+02   6.000000E+01  -1.500000E+01
          861   2.450000E+02   6.000000E+01  -1.500000E+01
          862   2.500000E+02   6.000000E+01  -1.500000E+01
          863   2.550000E+02   6.000000E+01  -1.500000E+01
          864   2.600000E+02   6.000000E+01  -1.500000E+01
          865   0.000000E+00   5.500000E+01  -1.500000E+01
          866   5.000000E+00   5.500000E+01  -1.500000E+01
          867   1.000000E+01   5.500000E+01  -1.500000E+01
          868   1.500000E+01   5.500000E+01  -1.500000E+01
          869   2.000000E+01   5.500000E+01  -1.500000E+01
          870   2.500000E+01   5.500000E+01  -1.500000E+01
          871   3.000000E+01   5.500000E+01  -1.500000E+01
          872   3.500000E+01   5.500000E+01  -1.500000E+01
          873   4.000000E+01   5.500000E+01  -1.500000E+01
          874   4.500000E+01   5.500000E+01  -1.500000E+01
          875   5.000000E+01   5.500000E+01  -1.500000E+01
          876   5.500000E+01   5.500000E+01  -1.500000E+01
          877   6.000000E+01   5.500000E+01  -1.500000E+01
          878   6.500000E+01   5.500000E+01  -1.500000E+01
          879   7.000000E+01   5.500000E+01  -1.500000E+01
          880   7.500000E+01   5.500000E+01  -1.500000E+01
          881   8.000000E+01   5.500000E+01  -1.500000E+01
          882   8.500000E+01   5.500000E+01  -1.500000E+01
          883   9.000000E+01   5.500000E+01  -1.500000E+01
          884   9.500000E+01   5.500000E+01  -1.500000E+01
          885   1.000000E+02   5.500000E+01  -1.500000E+01
          886   1.050000E+02   5.500000E+01  -1.500000E+01
          887   1.100000E+02   5.500000E+01  -1.500000E+01
          888   1.150000E+02   5.500000E+01  -1.500000E+01
          889   1.200000E+02   5.500000E+01  -1.500000E+01
          890   1.250000E+02   5.500000E+01  -1.500000E+01
          891   1.300000E+02   5.500000E+01  -1.500000E+01
          892   1.350000E+02   5.500000E+01  -1.500000E+01
          893   1.400000E+02   5.500000E+01  -1.500000E+01
          894   1.450000E+02   5.500000E+01  -1.500000E+01
          895   1.500000E+02   5.500000E+01  -1.500000E+01
          896   1.550000E+02   5.500000E+01  -1.500000E+01
          897   1.600000E+02   5.500000E+01  -1.500000E+01
          898   1.650000E+02   5.500000E+01  -1.500000E+01
          899   1.700000E+02   5.500000E+01  -1.500000E+01
          900   1.750000E+02   5.500000E+01  -1.500000E+01
          901   1.800000E+02   5.500000E+01  -1.500000E+01
          902   1.850000E+02   5.500000E+01  -1.500000E+01
          903   1.900000E+02   5.500000E+01  -1.500000E+01
          904   1.950000E+02   5.500000E+01  -1.500000E+01
          905   2.000000E+02   5.500000E+01  -1.500000E+01
          906   2.050000E+02   5.500000E+01  -1.500000E+01
          907   2.100000E+02   5.500000E+01  -1.500000E+01
          908   2.150000E+02   5.500000E+01  -1.500000E+01
          909   2.200000E+02   5.500000E+01  -1.500000E+01
          910   2.250000E+02   5.500000E+01  -1.500000E+01
          911   2.300000E+02   5.500000E+01  -1.500000E+01
          912   2.350000E+02   5.500000E+01  -1.500000E+01
          913   2.400000E+02   5.500000E+01  -1.500000E+01
          914   2.450000E+02   5.500000E+01  -1.500000E+01
          915   2.500000E+02   5.500000E+01  -1.500000E+01
          916   2.550000E+02   5.500000E+01  -1.500000E+01
          917   0.000000E+00   5.000000E+01  -1.500000E+01
          918   5.000000E+00   5.000000E+01  -1.500000E+01
          919   1.000000E+01   5.000000E+01  -1.500000E+01
          920   1.500000E+01   5.000000E+01  -1.500000E+01
          921   2.000000E+01   5.000000E+01  -1.500000E+01
          922   2.500000E+01   5.000000E+01  -1.500000E+01
          923   3.000000E+01   5.000000E+01  -1.500000E+01
          924   3.500000E+01   5.000000E+01  -1.500000E+01
          925   4.000000E+01   5.000000E+01  -1.500000E+01
          926   4.500000E+01   5.000000E+01  -1.500000E+01
          927   5.000000E+01   5.000000E+01  -1.500000E+01
          928   5.500000E+01   5.000000E+01  -1.500000E+01
          929   6.000000E+01   5.000000E+01  -1.500000E+01
          930   6.500000E+01   5.000000E+01  -1.500000E+01
          931   7.000000E+01   5.000000E+01  -1.500000E+01
          932   7.500000E+01   5.000000E+01  -1.500000E+01
          933   8.000000E+01   5.000000E+01  -1.500000E+01
          934   8.500000E+01   5.000000E+01  -1.500000E+01
          935   9.000000E+01   5.000000E+01  -1.500000E+01
          936   9.500000E+01   5.000000E+01  -1.500000E+01
          937   1.000000E+02   5.000000E+01  -1.500000E+01
          938   1.050000E+02   5.000000E+01  -1.500000E+01
          939   1.100000E+02   5.000000E+01  -1.500000E+01
          940   1.150000E+02   5.000000E+01  -1.500000E+01
          941   1.200000E+02   5.000000E+01  -1.500000E+01
          942   1.250000E+02   5.000000E+01  -1.500000E+01
          943   1.300000E+02   5.000000E+01  -1.500000E+01
          944   1.350000E+02   5.000000E+01  -1.500000E+01
          945   1.400000E+02   5.000000E+01  -1.500000E+01
          946   1.450000E+02   5.000000E+01  -1.500000E+01
          947   1.500000E+02   5.000000E+01  -1.500000E+01
          948   1.550000E+02   5.000000E+01  -1.500000E+01
          949   1.600000E+02   5.000000E+01  -1.500000E+01
          950   1.650000E+02   5.000000E+01  -1.500000E+01
          951   1.700000E+02   5.000000E+01  -1.500000E+01
          952   1.750000E+02   5.000000E+01  -1.500000E+01
          953   1.800000E+02   5.000000E+01  -1.500000E+01
          954   1.850000E+02   5.000000E+01  -1.500000E+01
          955   1.900000E+02   5.000000E+01  -1.500000E+01
          956   1.950000E+02   5.000000E+01  -1.500000E+01
          957   2.000000E+02   5.000000E+01  -1.500000E+01
          958   2.050000E+02   5.000000E+01  -1.500000E+01
          959   2.100000E+02   5.000000E+01  -1.500000E+01
          960   2.150000E+02   5.000000E+01  -1.500000E+01
          961   2.200000E+02   5.000000E+01  -1.500000E+01
          962   2.250000E+02   5.000000E+01  -1.500000E+01
          963   2.300000E+02   5.000000E+01  -1.500000E+01
          964   2.350000E+02   5.000000E+01  -1.500000E+01
          965   2.400000E+02   5.000000E+01  -1.500000E+01
          966   2.450000E+02   5.000000E+01  -1.500000E+01
          967   2.500000E+02   5.000000E+01  -1.500000E+01
          968   1.000000E+01   4.500000E+01  -1.500000E+01
          969   1.500000E+01   4.500000E+01  -1.500000E+01
          970   2.000000E+01   4.500000E+01  -1.500000E+01
          971   2.500000E+01   4.500000E+01  -1.500000E+01
          972   3.000000E+01   4.500000E+01  -1.500000E+01
          973   3.500000E+01   4.500000E+01  -1.500000E+01
          974   4.000000E+01   4.500000E+01  -1.500000E+01
          975   4.500000E+01   4.500000E+01  -1.500000E+01
          976   5.000000E+01   4.500000E+01  -1.500000E+01
          977   5.500000E+01   4.500000E+01  -1.500000E+01
          978   6.000000E+01   4.500000E+01  -1.500000E+01
          979   6.500000E+01   4.500000E+01  -1.500000E+01
          980   7.000000E+01   4.500000E+01  -1.500000E+01
          981   7.500000E+01   4.500000E+01  -1.500000E+01
          982   8.000000E+01   4.500000E+01  -1.500000E+01
          983   8.500000E+01   4.500000E+01  -1.500000E+01
          984   9.000000E+01   4.500000E+01  -1.500000E+01
          985   9.500000E+01   4.500000E+01  -1.500000E+01
          986   1.000000E+02   4.500000E+01  -1.500000E+01
          987   1.050000E+02   4.500000E+01  -1.500000E+01
          988   1.100000E+02   4.500000E+01  -1.500000E+01
          989   1.150000E+02   4.500000E+01  -1.500000E+01
          990   1.200000E+02   4.500000E+01  -1.500000E+01
          991   1.250000E+02   4.500000E+01  -1.500000E+01
          992   1.300000E+02   4.500000E+01  -1.500000E+01
          993   1.350000E+02   4.500000E+01  -1.500000E+01
          994   1.400000E+02   4.500000E+01  -1.500000E+01
          995   1.450000E+02   4.500000E+01  -1.500000E+01
          996   1.500000E+02   4.500000E+01  -1.500000E+01
          997   1.550000E+02   4.500000E+01  -1.500000E+01
          998   1.600000E+02   4.500000E+01  -1.500000E+01
          999   1.650000E+02   4.500000E+01  -1.500000E+01
         1000   1.700000E+02   4.500000E+01  -1.500000E+01
         1001   1.750000E+02   4.500000E+01  -1.500000E+01
         1002   1.800000E+02   4.500000E+01  -1.500000E+01
         1003   1.850000E+02   4.500000E+01  -1.500000E+01
         1004   1.900000E+02   4.500000E+01  -1.500000E+01
         1005   1.950000E+02   4.500000E+01  -1.500000E+01
         1006   2.000000E+02   4.500000E+01  -1.500000E+01
         1007   2.050000E+02   4.500000E+01  -1.500000E+01
         1008   2.100000E+02   4.500000E+01  -1.500000E+01
         1009   2.150000E+02   4.500000E+01  -1.500000E+01
         1010   2.200000E+02   4.500000E+01  -1.500000E+01
         1011   2.250000E+02   4.500000E+01  -1.500000E+01
         1012   2.300000E+02   4.500000E+01  -1.500000E+01
         1013   2.350000E+02   4.500000E+01  -1.500000E+01
         1014   2.400000E+02   4.500000E+01  -1.500000E+01
         1015   1.000000E+01   4.000000E+01  -1.500000E+01
         1016   1.500000E+01   4.000000E+01  -1.500000E+01
         1017   2.000000E+01   4.000000E+01  -1.500000E+01
         1018   2.500000E+01   4.000000E+01  -1.500000E+01
         1019   3.000000E+01   4.000000E+01  -1.500000E+01
         1020   3.500000E+01   4.000000E+01  -1.500000E+01
         1021   4.000000E+01   4.000000E+01  -1.500000E+01
         1022   4.500000E+01   4.000000E+01  -1.500000E+01
         1023   5.000000E+01   4.000000E+01  -1.500000E+01
         1024   5.500000E+01   4.000000E+01  -1.500000E+01
         1025   6.000000E+01   4.000000E+01  -1.500000E+01
         1026   6.500000E+01   4.000000E+01  -1.500000E+01
         1027   7.000000E+01   4.000000E+01  -1.500000E+01
         1028   7.500000E+01   4.000000E+01  -1.500000E+01
         1029   8.000000E+01   4.000000E+01  -1.500000E+01
         1030   8.500000E+01   4.000000E+01  -1.500000E+01
         1031   9.000000E+01   4.000000E+01  -1.500000E+01
         1032   9.500000E+01   4.000000E+01  -1.500000E+01
         1033   1.000000E+02   4.000000E+01  -1.500000E+01
         1034   1.050000E+02   4.000000E+01  -1.500000E+01
         1035   1.100000E+02   4.000000E+01  -1.500000E+01
         1036   1.150000E+02   4.000000E+01  -1.500000E+01
         1037   1.200000E+02   4.000000E+01  -1.500000E+01
         1038   1.250000E+02   4.000000E+01  -1.500000E+01
         1039   1.300000E+02   4.000000E+01  -1.500000E+01
         1040   1.350000E+02   4.000000E+01  -1.500000E+01
         1041   1.400000E+02   4.000000E+01  -1.500000E+01
         1042   1.450000E+02   4.000000E+01  -1.500000E+01
         1043   1.500000E+02   4.000000E+01  -1.500000E+01
         1044   1.550000E+02   4.000000E+01  -1.500000E+01
         1045   1.600000E+02   4.000000E+01  -1.500000E+01
         1046   1.650000E+02   4.000000E+01  -1.500000E+01
         1047   1.700000E+02   4.000000E+01  -1.500000E+01
         1048   1.750000E+02   4.000000E+01  -1.500000E+01
         1049   1.800000E+02   4.000000E+01  -1.500000E+01
         1050   1.850000E+02   4.000000E+01  -1.500000E+01
         1051   1.900000E+02   4.000000E+01  -1.500000E+01
         1052   1.950000E+02   4.000000E+01  -1.500000E+01
         1053   2.000000E+02   4.000000E+01  -1.500000E+01
         1054   2.050000E+02   4.000000E+01  -1.500000E+01
         1055   2.100000E+02   4.000000E+01  -1.500000E+01
         1056   2.150000E+02   4.000000E+01  -1.500000E+01
         1057   2.200000E+02   4.000000E+01  -1.500000E+01
         1058   2.250000E+02   4.000000E+01  -1.500000E+01
         1059   2.300000E+02   4.000000E+01  -1.500000E+01
         1060   2.350000E+02   4.000000E+01  -1.500000E+01
         1061   1.500000E+01   3.500000E+01  -1.500000E+01
         1062   2.000000E+01   3.500000E+01  -1.500000E+01
         1063   2.500000E+01   3.500000E+01  -1.500000E+01
         1064   3.000000E+01   3.500000E+01  -1.500000E+01
         1065   3.500000E+01   3.500000E+01  -1.500000E+01
         1066   4.000000E+01   3.500000E+01  -1.500000E+01
         1067   4.500000E+01   3.500000E+01  -1.500000E+01
         1068   5.000000E+01   3.500000E+01  -1.500000E+01
         1069   5.500000E+01   3.500000E+01  -1.500000E+01
         1070   6.000000E+01   3.500000E+01  -1.500000E+01
         1071   6.500000E+01   3.500000E+01  -1.500000E+01
         1072   7.000000E+01   3.500000E+01  -1.500000E+01
         1073   7.500000E+01   3.500000E+01  -1.500000E+01
         1074   8.000000E+01   3.500000E+01  -1.500000E+01
         1075   8.500000E+01   3.500000E+01  -1.500000E+01
         1076   9.000000E+01   3.500000E+01  -1.500000E+01
         1077   9.500000E+01   3.500000E+01  -1.500000E+01
         1078   1.000000E+02   3.500000E+01  -1.500000E+01
         1079   1.050000E+02   3.500000E+01  -1.500000E+01
         1080   1.100000E+02   3.500000E+01  -1.500000E+01
         1081   1.150000E+02   3.500000E+01  -1.500000E+01
         1082   1.200000E+02   3.500000E+01  -1.500000E+01
         1083   1.250000E+02   3.500000E+01  -1.500000E+01
         1084   1.300000E+02   3.500000E+01  -1.500000E+01
         1085   1.350000E+02   3.500000E+01  -1.500000E+01
         1086   1.400000E+02   3.500000E+01  -1.500000E+01
         1087   1.450000E+02   3.500000E+01  -1.500000E+01
         1088   1.500000E+02   3.500000E+01  -1.500000E+01
         1089   1.550000E+02   3.500000E+01  -1.500000E+01
         1090   1.600000E+02   3.500000E+01  -1.500000E+01
         1091   1.650000E+02   3.500000E+01  -1.500000E+01
         1092   1.700000E+02   3.500000E+01  -1.500000E+01
         1093   1.750000E+02   3.500000E+01  -1.500000E+01
         1094   1.800000E+02   3.500000E+01  -1.500000E+01
         1095   1.850000E+02   3.500000E+01  -1.500000E+01
         1096   1.900000E+02   3.500000E+01  -1.500000E+01
         1097   1.950000E+02   3.500000E+01  -1.500000E+01
         1098   2.000000E+02   3.500000E+01  -1.500000E+01
         1099   2.050000E+02   3.500000E+01  -1.500000E+01
         1100   2.100000E+02   3.500000E+01  -1.500000E+01
         1101   2.150000E+02   3.500000E+01  -1.500000E+01
         1102   2.200000E+02   3.500000E+01  -1.500000E+01
         1103   2.250000E+02   3.500000E+01  -1.500000E+01
         1104   2.500000E+01   3.000000E+01  -1.500000E+01
         1105   3.000000E+01   3.000000E+01  -1.500000E+01
         1106   3.500000E+01   3.000000E+01  -1.500000E+01
         1107   4.000000E+01   3.000000E+01  -1.500000E+01
         1108   4.500000E+01   3.000000E+01  -1.500000E+01
         1109   5.000000E+01   3.000000E+01  -1.500000E+01
         1110   5.500000E+01   3.000000E+01  -1.500000E+01
         1111   6.000000E+01   3.000000E+01  -1.500000E+01
         1112   6.500000E+01   3.000000E+01  -1.500000E+01
         1113   7.000000E+01   3.000000E+01  -1.500000E+01
         1114   7.500000E+01   3.000000E+01  -1.500000E+01
         1115   8.000000E+01   3.000000E+01  -1.500000E+01
         1116   8.500000E+01   3.000000E+01  -1.500000E+01
         1117   9.000000E+01   3.000000E+01  -1.500000E+01
         1118   9.500000E+01   3.000000E+01  -1.500000E+01
         1119   1.000000E+02   3.000000E+01  -1.500000E+01
         1120   1.050000E+02   3.000000E+01  -1.500000E+01
         1121   1.100000E+02   3.000000E+01  -1.500000E+01
         1122   1.150000E+02   3.000000E+01  -1.500000E+01
         1123   1.200000E+02   3.000000E+01  -1.500000E+01
         1124   1.250000E+02   3.000000E+01  -1.500000E+01
         1125   1.300000E+02   3.000000E+01  -1.500000E+01
         1126   1.350000E+02   3.000000E+01  -1.500000E+01
         1127   1.400000E+02   3.000000E+01  -1.500000E+01
         1128   1.450000E+02   3.000000E+01  -1.500000E+01
         1129   1.500000E+02   3.000000E+01  -1.500000E+01
         1130   1.550000E+02   3.000000E+01  -1.500000E+01
         1131   1.600000E+02   3.000000E+01  -1.500000E+01
         1132   1.650000E+02   3.000000E+01  -1.500000E+01
         1133   1.700000E+02   3.000000E+01  -1.500000E+01
         1134   1.750000E+02   3.000000E+01  -1.500000E+01
         1135   1.800000E+02   3.000000E+01  -1.500000E+01
         1136   1.850000E+02   3.000000E+01  -1.500000E+01
         1137   1.900000E+02   3.000000E+01  -1.500000E+01
         1138   1.950000E+02   3.000000E+01  -1.500000E+01
         1139   2.000000E+02   3.000000E+01  -1.500000E+01
         1140   2.050000E+02   3.000000E+01  -1.500000E+01
         1141   2.100000E+02   3.000000E+01  -1.500000E+01
         1142   3.000000E+01   2.500000E+01  -1.500000E+01
         1143   3.500000E+01   2.500000E+01  -1.500000E+01
         1144   4.000000E+01   2.500000E+01  -1.500000E+01
         1145   4.500000E+01   2.500000E+01  -1.500000E+01
         1146   5.000000E+01   2.500000E+01  -1.500000E+01
         1147   5.500000E+01   2.500000E+01  -1.500000E+01
         1148   6.000000E+01   2.500000E+01  -1.500000E+01
         1149   6.500000E+01   2.500000E+01  -1.500000E+01
         1150   7.000000E+01   2.500000E+01  -1.500000E+01
         1151   7.500000E+01   2.500000E+01  -1.500000E+01
         1152   8.000000E+01   2.500000E+01  -1.500000E+01
         1153   8.500000E+01   2.500000E+01  -1.500000E+01
         1154   9.000000E+01   2.500000E+01  -1.500000E+01
         1155   9.500000E+01   2.500000E+01  -1.500000E+01
         1156   1.000000E+02   2.500000E+01  -1.500000E+01
         1157   1.050000E+02   2.500000E+01  -1.500000E+01
         1158   1.100000E+02   2.500000E+01  -1.500000E+01
         1159   1.150000E+02   2.500000E+01  -1.500000E+01
         1160   1.200000E+02   2.500000E+01  -1.500000E+01
         1161   1.250000E+02   2.500000E+01  -1.500000E+01
         1162   1.300000E+02   2.500000E+01  -1.500000E+01
         1163   1.350000E+02   2.500000E+01  -1.500000E+01
         1164   1.400000E+02   2.500000E+01  -1.500000E+01
         1165   1.450000E+02   2.500000E+01  -1.500000E+01
         1166   1.500000E+02   2.500000E+01  -1.500000E+01
         1167   1.550000E+02   2.500000E+01  -1.500000E+01
         1168   1.600000E+02   2.500000E+01  -1.500000E+01
         1169   1.650000E+02   2.500000E+01  -1.500000E+01
         1170   1.700000E+02   2.500000E+01  -1.500000E+01
         1171   1.750000E+02   2.500000E+01  -1.500000E+01
         1172   1.800000E+02   2.500000E+01  -1.500000E+01
         1173   1.850000E+02   2.500000E+01  -1.500000E+01
         1174   1.900000E+02   2.500000E+01  -1.500000E+01
         1175   1.950000E+02   2.500000E+01  -1.500000E+01
         1176   3.500000E+01   2.000000E+01  -1.500000E+01
         1177   4.000000E+01   2.000000E+01  -1.500000E+01
         1178   4.500000E+01   2.000000E+01  -1.500000E+01
         1179   5.000000E+01   2.000000E+01  -1.500000E+01
         1180   5.500000E+01   2.000000E+01  -1.500000E+01
         1181   6.000000E+01   2.000000E+01  -1.500000E+01
         1182   6.500000E+01   2.000000E+01  -1.500000E+01
         1183   7.000000E+01   2.000000E+01  -1.500000E+01
         1184   7.500000E+01   2.000000E+01  -1.500000E+01
         1185   8.000000E+01   2.000000E+01  -1.500000E+01
         1186   8.500000E+01   2.000000E+01  -1.500000E+01
         1187   9.000000E+01   2.000000E+01  -1.500000E+01
         1188   9.500000E+01   2.000000E+01  -1.500000E+01
         1189   1.000000E+02   2.000000E+01  -1.500000E+01
         1190   1.050000E+02   2.000000E+01  -1.500000E+01
         1191   1.100000E+02   2.000000E+01  -1.500000E+01
         1192   1.150000E+02   2.000000E+01  -1.500000E+01
         1193   1.200000E+02   2.000000E+01  -1.500000E+01
         1194   1.250000E+02   2.000000E+01  -1.500000E+01
         1195   1.300000E+02   2.000000E+01  -1.500000E+01
         1196   1.350000E+02   2.000000E+01  -1.500000E+01
         1197   1.400000E+02   2.000000E+01  -1.500000E+01
         1198   1.450000E+02   2.000000E+01  -1.500000E+01
         1199   1.500000E+02   2.000000E+01  -1.500000E+01
         1200   1.550000E+02   2.000000E+01  -1.500000E+01
         1201   1.600000E+02   2.000000E+01  -1.500000E+01
         1202   1.650000E+02   2.000000E+01  -1.500000E+01
         1203   1.700000E+02   2.000000E+01  -1.500000E+01
         1204   1.750000E+02   2.000000E+01  -1.500000E+01
         1205   1.800000E+02   2.000000E+01  -1.500000E+01
         1206   3.500000E+01   1.500000E+01  -1.500000E+01
         1207   4.000000E+01   1.500000E+01  -1.500000E+01
         1208   4.500000E+01   1.500000E+01  -1.500000E+01
         1209   5.000000E+01   1.500000E+01  -1.500000E+01
         1210   5.500000E+01   1.500000E+01  -1.500000E+01
         1211   6.000000E+01   1.500000E+01  -1.500000E+01
         1212   6.500000E+01   1.500000E+01  -1.500000E+01
         1213   7.000000E+01   1.500000E+01  -1.500000E+01
         1214   7.500000E+01   1.500000E+01  -1.500000E+01
         1215   8.000000E+01   1.500000E+01  -1.500000E+01
         1216   8.500000E+01   1.500000E+01  -1.500000E+01
         1217   9.000000E+01   1.500000E+01  -1.500000E+01
         1218   9.500000E+01   1.500000E+01  -1.500000E+01
         1219   1.000000E+02   1.500000E+01  -1.500000E+01
         1220   1.050000E+02   1.500000E+01  -1.500000E+01
         1221   1.100000E+02   1.500000E+01  -1.500000E+01
         1222   1.150000E+02   1.500000E+01  -1.500000E+01
         1223   1.200000E+02   1.500000E+01  -1.500000E+01
         1224   1.250000E+02   1.500000E+01  -1.500000E+01
         1225   1.300000E+02   1.500000E+01  -1.500000E+01
         1226   1.350000E+02   1.500000E+01  -1.500000E+01
         1227   1.400000E+02   1.500000E+01  -1.500000E+01
         1228   1.450000E+02   1.500000E+01  -1.500000E+01
         1229   1.500000E+02   1.500000E+01  -1.500000E+01
         1230   1.550000E+02   1.500000E+01  -1.500000E+01
         1231   1.600000E+02   1.500000E+01  -1.500000E+01
         1232   1.650000E+02   1.500000E+01  -1.500000E+01
         1233   4.500000E+01   1.000000E+01  -1.500000E+01
         1234   5.000000E+01   1.000000E+01  -1.500000E+01
         1235   5.500000E+01   1.000000E+01  -1.500000E+01
         1236   6.000000E+01   1.000000E+01  -1.500000E+01
         1237   6.500000E+01   1.000000E+01  -1.500000E+01
         1238   7.000000E+01   1.000000E+01  -1.500000E+01
         1239   7.500000E+01   1.000000E+01  -1.500000E+01
         1240   8.000000E+01   1.000000E+01  -1.500000E+01
         1241   8.500000E+01   1.000000E+01  -1.500000E+01
         1242   9.000000E+01   1.000000E+01  -1.500000E+01
         1243   9.500000E+01   1.000000E+01  -1.500000E+01
         1244   1.000000E+02   1.000000E+01  -1.500000E+01
         1245   1.050000E+02   1.000000E+01  -1.500000E+01
         1246   1.100000E+02   1.000000E+01  -1.500000E+01
         1247   1.150000E+02   1.000000E+01  -1.500000E+01
         1248   1.200000E+02   1.000000E+01  -1.500000E+01
         1249   1.250000E+02   1.000000E+01  -1.500000E+01
         1250   1.300000E+02   1.000000E+01  -1.500000E+01
         1251   1.350000E+02   1.000000E+01  -1.500000E+01
         1252   1.400000E+02   1.000000E+01  -1.500000E+01
         1253   1.450000E+02   1.000000E+01  -1.500000E+01
         1254   6.000000E+01   5.000000E+00  -1.500000E+01
         1255   6.500000E+01   5.000000E+00  -1.500000E+01
         1256   7.000000E+01   5.000000E+00  -1.500000E+01
         1257   7.500000E+01   5.000000E+00  -1.500000E+01
         1258   8.000000E+01   5.000000E+00  -1.500000E+01
         1259   8.500000E+01   5.000000E+00  -1.500000E+01
         1260   9.000000E+01   5.000000E+00  -1.500000E+01
         1261   9.500000E+01   5.000000E+00  -1.500000E+01
         1262   1.000000E+02   5.000000E+00  -1.500000E+01
         1263   1.050000E+02   5.000000E+00  -1.500000E+01
         1264   1.100000E+02   5.000000E+00  -1.500000E+01
         1265   1.150000E+02   5.000000E+00  -1.500000E+01
         1266   1.200000E+02   5.000000E+00  -1.500000E+01
         1267   7.500000E+01   0.000000E+00  -1.500000E+01
         1268   8.000000E+01   0.000000E+00  -1.500000E+01
         1269   8.500000E+01   0.000000E+00  -1.500000E+01
         1270   9.000000E+01   0.000000E+00  -1.500000E+01
         1271   9.500000E+01   0.000000E+00  -1.500000E+01
      1  9.76562500E-02     NSTEP   TIME
 SURFACE NODE              X              Y  PRESSURE HEAD
            1   2.450000E+02   1.750000E+02  -5.000000E+00
            2   2.500000E+02   1.750000E+02  -5.000000E+00
            3   2.550000E+02   1.750000E+02  -5.000000E+00
            4   2.400000E+02   1.700000E+02  -5.000000E+00
            5   2.450000E+02   1.700000E+02  -5.000000E+00
            6   2.500000E+02   1.700000E+02  -5.000000E+00
            7   2.550000E+02   1.700000E+02  -5.000000E+00
            8   2.600000E+02   1.700000E+02  -5.000000E+00
            9   2.300000E+02   1.650000E+02  -5.000000E+00
           10   2.350000E+02   1.650000E+02  -5.000000E+00
           11   2.400000E+02   1.650000E+02  -5.000000E+00
           12   2.450000E+02   1.650000E+02  -5.000000E+00
           13   2.500000E+02   1.650000E+02  -5.000000E+00
           14   2.550000E+02   1.650000E+02  -5.000000E+00
           15   2.600000E+02   1.650000E+02  -5.000000E+00
           16   2.650000E+02   1.650000E+02  -5.000000E+00
           17   2.300000E+02   1.600000E+02  -5.000000E+00
           18   2.350000E+02   1.600000E+02  -5.000000E+00
           19   2.400000E+02   1.600000E+02  -5.000000E+00
           20   2.450000E+02   1.600000E+02  -5.000000E+00
           21   2.500000E+02   1.600000E+02  -5.000000E+00
           22   2.550000E+02   1.600000E+02  -5.000000E+00
           23   2.600000E+02   1.600000E+02  -5.000000E+00
           24   2.650000E+02   1.600000E+02  -5.000000E+00
           25   2.700000E+02   1.600000E+02  -5.000000E+00
           26   2.250000E+02   1.550000E+02  -5.000000E+00
           27   2.300000E+02   1.550000E+02  -5.000000E+00
           28   2.350000E+02   1.550000E+02  -5.000000E+00
           29   2.400000E+02   1.550000E+02  -5.000000E+00
           30   2.450000E+02   1.550000E+02  -5.000000E+00
           31   2.500000E+02   1.550000E+02  -5.000000E+00
           32   2.550000E+02   1.550000E+02  -5.000000E+00
           33   2.600000E+02   1.550000E+02  -5.000000E+00
           34   2.650000E+02   1.550000E+02  -5.000000E+00
           35   2.700000E+02   1.550000E+02  -5.000000E+00
           36   2.100000E+02   1.500000E+02  -5.000000E+00
           37   2.150000E+02   1.500000E+02  -5.000000E+00
           38   2.200000E+02   1.500000E+02  -5.000000E+00
           39   2.250000E+02   1.500000E+02  -5.000000E+00
           40   2.300000E+02   1.500000E+02  -5.000000E+00
           41   2.350000E+02   1.500000E+02  -5.000000E+00
           42   2.400000E+02   1.500000E+02  -5.000000E+00
           43   2.450000E+02   1.500000E+02  -5.000000E+00
           44   2.500000E+02   1.500000E+02  -5.000000E+00
           45   2.550000E+02   1.500000E+02  -5.000000E+00
           46   2.600000E+02   1.500000E+02  -5.000000E+00
           47   2.650000E+02   1.500000E+02  -5.000000E+00
           48   2.700000E+02   1.500000E+02  -5.000000E+00
           49   1.900000E+02   1.450000E+02  -5.000000E+00
           50   1.950000E+02   1.450000E+02  -5.000000E+00
           51   2.000000E+02   1.450000E+02  -5.000000E+00
           52   2.050000E+02   1.450000E+02  -5.000000E+00
           53   2.100000E+02   1.450000E+02  -5.000000E+00
           54   2.150000E+02   1.450000E+02  -5.000000E+00
           55   2.200000E+02   1.450000E+02  -5.000000E+00
           56   2.250000E+02   1.450000E+02  -5.000000E+00
           57   2.300000E+02   1.450000E+02  -5.000000E+00
           58   2.350000E+02   1.450000E+02  -5.000000E+00
           59   2.400000E+02   1.450000E+02  -5.000000E+00
           60   2.450000E+02   1.450000E+02  -5.000000E+00
           61   2.500000E+02   1.450000E+02  -5.000000E+00
           62   2.550000E+02   1.450000E+02  -5.000000E+00
           63   2.600000E+02   1.450000E+02  -5.000000E+00
           64   2.650000E+02   1.450000E+02  -5.000000E+00
           65   2.700000E+02   1.450000E+02  -5.000000E+00
           66   2.750000E+02   1.450000E+02  -5.000000E+00
           67   1.650000E+02   1.400000E+02  -5.000000E+00
           68   1.700000E+02   1.400000E+02  -5.000000E+00
           69   1.750000E+02   1.400000E+02  -5.000000E+00
           70   1.800000E+02   1.400000E+02  -5.000000E+00
           71   1.850000E+02   1.400000E+02  -5.000000E+00
           72   1.900000E+02   1.400000E+02  -5.000000E+00
           73   1.950000E+02   1.400000E+02  -5.000000E+00
           74   2.000000E+02   1.400000E+02  -5.000000E+00
           75   2.050000E+02   1.400000E+02  -5.000000E+00
           76   2.100000E+02   1.400000E+02  -5.000000E+00
           77   2.150000E+02   1.400000E+02  -5.000000E+00
           78   2.200000E+02   1.400000E+02  -5.000000E+00
           79   2.250000E+02   1.400000E+02  -5.000000E+00
           80   2.300000E+02   1.400000E+02  -5.000000E+00
           81   2.350000E+02   1.400000E+02  -5.000000E+00
           82   2.400000E+02   1.400000E+02  -5.000000E+00
           83   2.450000E+02   1.400000E+02  -5.000000E+00
           84   2.500000E+02   1.400000E+02  -5.000000E+00
           85   2.550000E+02   1.400000E+02  -5.000000E+00
           86   2.600000E+02   1.400000E+02  -5.000000E+00
           87   2.650000E+02   1.400000E+02  -5.000000E+00
           88   2.700000E+02   1.400000E+02  -5.000000E+00
           89   2.750000E+02   1.400000E+02  -5.000000E+00
           90   2.800000E+02   1.400000E+02  -5.000000E+00
           91   1.550000E+02   1.350000E+02  -5.000000E+00
           92   1.600000E+02   1.350000E+02  -5.000000E+00
           93   1.650000E+02   1.350000E+02  -5.000000E+00
           94   1.700000E+02   1.350000E+02  -5.000000E+00
           95   1.750000E+02   1.350000E+02  -5.000000E+00
           96   1.800000E+02   1.350000E+02  -5.000000E+00
           97   1.850000E+02   1.350000E+02  -5.000000E+00
           98   1.900000E+02   1.350000E+02  -5.000000E+00
           99   1.950000E+02   1.350000E+02  -5.000000E+00
          100   2.000000E+02   1.350000E+02  -5.000000E+00
          101   2.050000E+02   1.350000E+02  -5.000000E+00
          102   2.100000E+02   1.350000E+02  -5.000000E+00
          103   2.150000E+02   1.350000E+02  -5.000000E+00
          104   2.200000E+02   1.350000E+02  -5.000000E+00
          105   2.250000E+02   1.350000E+02  -5.000000E+00
          106   2.300000E+02   1.350000E+02  -5.000000E+00
          107   2.350000E+02   1.350000E+02  -5.000000E+00
          108   2.400000E+02   1.350000E+02  -5.000000E+00
          109   2.450000E+02   1.350000E+02  -5.000000E+00
          110   2.500000E+02   1.350000E+02  -5.000000E+00
          111   2.550000E+02   1.350000E+02  -5.000000E+00
          112   2.600000E+02   1.350000E+02  -5.000000E+00
          113   2.650000E+02   1.350000E+02  -5.000000E+00
          114   2.700000E+02   1.350000E+02  -5.000000E+00
          115   2.750000E+02   1.350000E+02  -5.000000E+00
          116   2.800000E+02   1.350000E+02  -5.000000E+00
          117   2.850000E+02   1.350000E+02  -5.000000E+00
          118   1.400000E+02   1.300000E+02  -5.000000E+00
          119   1.450000E+02   1.300000E+02  -5.000000E+00
          120   1.500000E+02   1.300000E+02  -5.000000E+00
          121   1.550000E+02   1.300000E+02  -5.000000E+00
          122   1.600000E+02   1.300000E+02  -5.000000E+00
          123   1.650000E+02   1.300000E+02  -5.000000E+00
          124   1.700000E+02   1.300000E+02  -5.000000E+00
          125   1.750000E+02   1.300000E+02  -5.000000E+00
          126   1.800000E+02   1.300000E+02  -5.000000E+00
          127   1.850000E+02   1.300000E+02  -5.000000E+00
          128   1.900000E+02   1.300000E+02  -5.000000E+00
          129   1.950000E+02   1.300000E+02  -5.000000E+00
          130   2.000000E+02   1.300000E+02  -5.000000E+00
          131   2.050000E+02   1.300000E+02  -5.000000E+00
          132   2.100000E+02   1.300000E+02  -5.000000E+00
          133   2.150000E+02   1.300000E+02  -5.000000E+00
          134   2.200000E+02   1.300000E+02  -5.000000E+00
          135   2.250000E+02   1.300000E+02  -5.000000E+00
          136   2.300000E+02   1.300000E+02  -5.000000E+00
          137   2.350000E+02   1.300000E+02  -5.000000E+00
          138   2.400000E+02   1.300000E+02  -5.000000E+00
          139   2.450000E+02   1.300000E+02  -5.000000E+00
          140   2.500000E+02   1.300000E+02  -5.000000E+00
          141   2.550000E+02   1.300000E+02  -5.000000E+00
          142   2.600000E+02   1.300000E+02  -5.000000E+00
          143   2.650000E+02   1.300000E+02  -5.000000E+00
          144   2.700000E+02   1.300000E+02  -5.000000E+00
          145   2.750000E+02   1.300000E+02  -5.000000E+00
          146   2.800000E+02   1.300000E+02  -5.000000E+00
          147   2.850000E+02   1.300000E+02  -5.000000E+00
          148   1.200000E+02   1.250000E+02  -5.000000E+00
          149   1.250000E+02   1.250000E+02  -5.000000E+00
          150   1.300000E+02   1.250000E+02  -5.000000E+00
          151   1.350000E+02   1.250000E+02  -5.000000E+00
          152   1.400000E+02   1.250000E+02  -5.000000E+00
          153   1.450000E+02   1.250000E+02  -5.000000E+00
          154   1.500000E+02   1.250000E+02  -5.000000E+00
          155   1.550000E+02   1.250000E+02  -5.000000E+00
          156   1.600000E+02   1.250000E+02  -5.000000E+00
          157   1.650000E+02   1.250000E+02  -5.000000E+00
          158   1.700000E+02   1.250000E+02  -5.000000E+00
          159   1.750000E+02   1.250000E+02  -5.000000E+00
          160   1.800000E+02   1.250000E+02  -5.000000E+00
          161   1.850000E+02   1.250000E+02  -5.000000E+00
          162   1.900000E+02   1.250000E+02  -5.000000E+00
          163   1.950000E+02   1.250000E+02  -5.000000E+00
          164   2.000000E+02   1.250000E+02  -5.000000E+00
          165   2.050000E+02   1.250000E+02  -5.000000E+00
          166   2.100000E+02   1.250000E+02  -5.000000E+00
          167   2.150000E+02   1.250000E+02  -5.000000E+00
          168   2.200000E+02   1.250000E+02  -5.000000E+00
          169   2.250000E+02   1.250000E+02  -5.000000E+00
          170   2.300000E+02   1.250000E+02  -5.000000E+00
          171   2.350000E+02   1.250000E+02  -5.000000E+00
          172   2.400000E+02   1.250000E+02  -5.000000E+00
          173   2.450000E+02   1.250000E+02  -5.000000E+00
          174   2.500000E+02   1.250000E+02  -5.000000E+00
          175   2.550000E+02   1.250000E+02  -5.000000E+00
          176   2.600000E+02   1.250000E+02  -5.000000E+00
          177   2.650000E+02   1.250000E+02  -5.000000E+00
          178   2.700000E+02   1.250000E+02  -5.000000E+00
          179   2.750000E+02   1.250000E+02  -5.000000E+00
          180   2.800000E+02   1.250000E+02  -5.000000E+00
          181   2.850000E+02   1.250000E+02  -5.000000E+00
          182   9.500000E+01   1.200000E+02  -5.000000E+00
          183   1.000000E+02   1.200000E+02  -5.000000E+00
          184   1.050000E+02   1.200000E+02  -5.000000E+00
          185   1.100000E+02   1.200000E+02  -5.000000E+00
          186   1.150000E+02   1.200000E+02  -5.000000E+00
          187   1.200000E+02   1.200000E+02  -5.000000E+00
          188   1.250000E+02   1.200000E+02  -5.000000E+00
          189   1.300000E+02   1.200000E+02  -5.000000E+00
          190   1.350000E+02   1.200000E+02  -5.000000E+00
          191   1.400000E+02   1.200000E+02  -5.000000E+00
          192   1.450000E+02   1.200000E+02  -5.000000E+00
          193   1.500000E+02   1.200000E+02  -5.000000E+00
          194   1.550000E+02   1.200000E+02  -5.000000E+00
          195   1.600000E+02   1.200000E+02  -5.000000E+00
          196   1.650000E+02   1.200000E+02  -5.000000E+00
          197   1.700000E+02   1.200000E+02  -5.000000E+00
          198   1.750000E+02   1.200000E+02  -5.000000E+00
          199   1.800000E+02   1.200000E+02  -5.000000E+00
          200   1.850000E+02   1.200000E+02  -5.000000E+00
          201   1.900000E+02   1.200000E+02  -5.000000E+00
          202   1.950000E+02   1.200000E+02  -5.000000E+00
          203   2.000000E+02   1.200000E+02  -5.000000E+00
          204   2.050000E+02   1.200000E+02  -5.000000E+00
          205   2.100000E+02   1.200000E+02  -5.000000E+00
          206   2.150000E+02   1.200000E+02  -5.000000E+00
          207   2.200000E+02   1.200000E+02  -5.000000E+00
          208   2.250000E+02   1.200000E+02  -5.000000E+00
          209   2.300000E+02   1.200000E+02  -5.000000E+00
          210   2.350000E+02   1.200000E+02  -5.000000E+00
          211   2.400000E+02   1.200000E+02  -5.000000E+00
          212   2.450000E+02   1.200000E+02  -5.000000E+00
          213   2.500000E+02   1.200000E+02  -5.000000E+00
          214   2.550000E+02   1.200000E+02  -5.000000E+00
          215   2.600000E+02   1.200000E+02  -5.000000E+00
          216   2.650000E+02   1.200000E+02  -5.000000E+00
          217   2.700000E+02   1.200000E+02  -5.000000E+00
          218   2.750000E+02   1.200000E+02  -5.000000E+00
          219   2.800000E+02   1.200000E+02  -5.000000E+00
          220   2.850000E+02   1.200000E+02  -5.000000E+00
          221   9.000000E+01   1.150000E+02  -5.000000E+00
          222   9.500000E+01   1.150000E+02  -5.000000E+00
          223   1.000000E+02   1.150000E+02  -5.000000E+00
          224   1.050000E+02   1.150000E+02  -5.000000E+00
          225   1.100000E+02   1.150000E+02  -5.000000E+00
          226   1.150000E+02   1.150000E+02  -5.000000E+00
          227   1.200000E+02   1.150000E+02  -5.000000E+00
          228   1.250000E+02   1.150000E+02  -5.000000E+00
          229   1.300000E+02   1.150000E+02  -5.000000E+00
          230   1.350000E+02   1.150000E+02  -5.000000E+00
          231   1.400000E+02   1.150000E+02  -5.000000E+00
          232   1.450000E+02   1.150000E+02  -5.000000E+00
          233   1.500000E+02   1.150000E+02  -5.000000E+00
          234   1.550000E+02   1.150000E+02  -5.000000E+00
          235   1.600000E+02   1.150000E+02  -5.000000E+00
          236   1.650000E+02   1.150000E+02  -5.000000E+00
          237   1.700000E+02   1.150000E+02  -5.000000E+00
          238   1.750000E+02   1.150000E+02  -5.000000E+00
          239   1.800000E+02   1.150000E+02  -5.000000E+00
          240   1.850000E+02   1.150000E+02  -5.000000E+00
          241   1.900000E+02   1.150000E+02  -5.000000E+00
          242   1.950000E+02   1.150000E+02  -5.000000E+00
          243   2.000000E+02   1.150000E+02  -5.000000E+00
          244   2.050000E+02   1.150000E+02  -5.000000E+00
          245   2.100000E+02   1.150000E+02  -5.000000E+00
          246   2.150000E+02   1.150000E+02  -5.000000E+00
          247   2.200000E+02   1.150000E+02  -5.000000E+00
          248   2.250000E+02   1.150000E+02  -5.000000E+00
          249   2.300000E+02   1.150000E+02  -5.000000E+00
          250   2.350000E+02   1.150000E+02  -5.000000E+00
          251   2.400000E+02   1.150000E+02  -5.000000E+00
          252   2.450000E+02   1.150000E+02  -5.000000E+00
          253   2.500000E+02   1.150000E+02  -5.000000E+00
          254   2.550000E+02   1.150000E+02  -5.000000E+00
          255   2.600000E+02   1.150000E+02  -5.000000E+00
          256   2.650000E+02   1.150000E+02  -5.000000E+00
          257   2.700000E+02   1.150000E+02  -5.000000E+00
          258   2.750000E+02   1.150000E+02  -5.000000E+00
          259   2.800000E+02   1.150000E+02  -5.000000E+00
          260   2.850000E+02   1.150000E+02  -5.000000E+00
          261   2.900000E+02   1.150000E+02  -5.000000E+00
          262   5.000000E+01   1.100000E+02  -5.000000E+00
          263   5.500000E+01   1.100000E+02  -5.000000E+00
          264   6.000000E+01   1.100000E+02  -5.000000E+00
          265   6.500000E+01   1.100000E+02  -5.000000E+00
          266   7.000000E+01   1.100000E+02  -5.000000E+00
          267   7.500000E+01   1.100000E+02  -5.000000E+00
          268   8.000000E+01   1.100000E+02  -5.000000E+00
          269   8.500000E+01   1.100000E+02  -5.000000E+00
          270   9.000000E+01   1.100000E+02  -5.000000E+00
          271   9.500000E+01   1.100000E+02  -5.000000E+00
          272   1.000000E+02   1.100000E+02  -5.000000E+00
          273   1.050000E+02   1.100000E+02  -5.000000E+00
          274   1.100000E+02   1.100000E+02  -5.000000E+00
          275   1.150000E+02   1.100000E+02  -5.000000E+00
          276   1.200000E+02   1.100000E+02  -5.000000E+00
          277   1.250000E+02   1.100000E+02  -5.000000E+00
          278   1.300000E+02   1.100000E+02  -5.000000E+00
          279   1.350000E+02   1.100000E+02  -5.000000E+00
          280   1.400000E+02   1.100000E+02  -5.000000E+00
          281   1.450000E+02   1.100000E+02  -5.000000E+00
          282   1.500000E+02   1.100000E+02  -5.000000E+00
          283   1.550000E+02   1.100000E+02  -5.000000E+00
          284   1.600000E+02   1.100000E+02  -5.000000E+00
          285   1.650000E+02   1.100000E+02  -5.000000E+00
          286   1.700000E+02   1.100000E+02  -5.000000E+00
          287   1.750000E+02   1.100000E+02  -5.000000E+00
          288   1.800000E+02   1.100000E+02  -5.000000E+00
          289   1.850000E+02   1.100000E+02  -5.000000E+00
          290   1.900000E+02   1.100000E+02  -5.000000E+00
          291   1.950000E+02   1.100000E+02  -5.000000E+00
          292   2.000000E+02   1.100000E+02  -5.000000E+00
          293   2.050000E+02   1.100000E+02  -5.000000E+00
          294   2.100000E+02   1.100000E+02  -5.000000E+00
          295   2.150000E+02   1.100000E+02  -5.000000E+00
          296   2.200000E+02   1.100000E+02  -5.000000E+00
          297   2.250000E+02   1.100000E+02  -5.000000E+00
          298   2.300000E+02   1.100000E+02  -5.000000E+00
          299   2.350000E+02   1.100000E+02  -5.000000E+00
          300   2.400000E+02   1.100000E+02  -5.000000E+00
          301   2.450000E+02   1.100000E+02  -5.000000E+00
          302   2.500000E+02   1.100000E+02  -5.000000E+00
          303   2.550000E+02   1.100000E+02  -5.000000E+00
          304   2.600000E+02   1.100000E+02  -5.000000E+00
          305   2.650000E+02   1.100000E+02  -5.000000E+00
          306   2.700000E+02   1.100000E+02  -5.000000E+00
          307   2.750000E+02   1.100000E+02  -5.000000E+00
          308   2.800000E+02   1.100000E+02  -5.000000E+00
          309   2.850000E+02   1.100000E+02  -5.000000E+00
          310   2.900000E+02   1.100000E+02  -5.000000E+00
          311   4.500000E+01   1.050000E+02  -5.000000E+00
          312   5.000000E+01   1.050000E+02  -5.000000E+00
          313   5.500000E+01   1.050000E+02  -5.000000E+00
          314   6.000000E+01   1.050000E+02  -5.000000E+00
          315   6.500000E+01   1.050000E+02  -5.000000E+00
          316   7.000000E+01   1.050000E+02  -5.000000E+00
          317   7.500000E+01   1.050000E+02  -5.000000E+00
          318   8.000000E+01   1.050000E+02  -5.000000E+00
          319   8.500000E+01   1.050000E+02  -5.000000E+00
          320   9.000000E+01   1.050000E+02  -5.000000E+00
          321   9.500000E+01   1.050000E+02  -5.000000E+00
          322   1.000000E+02   1.050000E+02  -5.000000E+00
          323   1.050000E+02   1.050000E+02  -5.000000E+00
          324   1.100000E+02   1.050000E+02  -5.000000E+00
          325   1.150000E+02   1.050000E+02  -5.000000E+00
          326   1.200000E+02   1.050000E+02  -5.000000E+00
          327   1.250000E+02   1.050000E+02  -5.000000E+00
          328   1.300000E+02   1.050000E+02  -5.000000E+00
          329   1.350000E+02   1.050000E+02  -5.000000E+00
          330   1.400000E+02   1.050000E+02  -5.000000E+00
          331   1.450000E+02   1.050000E+02  -5.000000E+00
          332   1.500000E+02   1.050000E+02  -5.000000E+00
          333   1.550000E+02   1.050000E+02  -5.000000E+00
          334   1.600000E+02   1.050000E+02  -5.000000E+00
          335   1.650000E+02   1.050000E+02  -5.000000E+00
          336   1.700000E+02   1.050000E+02  -5.000000E+00
          337   1.750000E+02   1.050000E+02  -5.000000E+00
          338   1.800000E+02   1.050000E+02  -5.000000E+00
          339   1.850000E+02   1.050000E+02  -5.000000E+00
          340   1.900000E+02   1.050000E+02  -5.000000E+00
          341   1.950000E+02   1.050000E+02  -5.000000E+00
          342   2.000000E+02   1.050000E+02  -5.000000E+00
          343   2.050000E+02   1.050000E+02  -5.000000E+00
          344   2.100000E+02   1.050000E+02  -5.000000E+00
          345   2.150000E+02   1.050000E+02  -5.000000E+00
          346   2.200000E+02   1.050000E+02  -5.000000E+00
          347   2.250000E+02   1.050000E+02  -5.000000E+00
          348   2.300000E+02   1.050000E+02  -5.000000E+00
          349   2.350000E+02   1.050000E+02  -5.000000E+00
          350   2.400000E+02   1.050000E+02  -5.000000E+00
          351   2.450000E+02   1.050000E+02  -5.000000E+00
          352   2.500000E+02   1.050000E+02  -5.000000E+00
          353   2.550000E+02   1.050000E+02  -5.000000E+00
          354   2.600000E+02   1.050000E+02  -5.000000E+00
          355   2.650000E+02   1.050000E+02  -5.000000E+00
          356   2.700000E+02   1.050000E+02  -5.000000E+00
          357   2.750000E+02   1.050000E+02  -5.000000E+00
          358   2.800000E+02   1.050000E+02  -5.000000E+00
          359   2.850000E+02   1.050000E+02  -5.000000E+00
          360   2.900000E+02   1.050000E+02  -5.000000E+00
          361   2.950000E+02   1.050000E+02  -5.000000E+00
          362   3.500000E+01   1.000000E+02  -5.000000E+00
          363   4.000000E+01   1.000000E+02  -5.000000E+00
          364   4.500000E+01   1.000000E+02  -5.000000E+00
          365   5.000000E+01   1.000000E+02  -5.000000E+00
          366   5.500000E+01   1.000000E+02  -5.000000E+00
          367   6.000000E+01   1.000000E+02  -5.000000E+00
          368   6.500000E+01   1.000000E+02  -5.000000E+00
          369   7.000000E+01   1.000000E+02  -5.000000E+00
          370   7.500000E+01   1.000000E+02  -5.000000E+00
          371   8.000000E+01   1.000000E+02  -5.000000E+00
          372   8.500000E+01   1.000000E+02  -5.000000E+00
          373   9.000000E+01   1.000000E+02  -5.000000E+00
          374   9.500000E+01   1.000000E+02  -5.000000E+00
          375   1.000000E+02   1.000000E+02  -5.000000E+00
          376   1.050000E+02   1.000000E+02  -5.000000E+00
          377   1.100000E+02   1.000000E+02  -5.000000E+00
          378   1.150000E+02   1.000000E+02  -5.000000E+00
          379   1.200000E+02   1.000000E+02  -5.000000E+00
          380   1.250000E+02   1.000000E+02  -5.000000E+00
          381   1.300000E+02   1.000000E+02  -5.000000E+00
          382   1.350000E+02   1.000000E+02  -5.000000E+00
          383   1.400000E+02   1.000000E+02  -5.000000E+00
          384   1.450000E+02   1.000000E+02  -5.000000E+00
          385   1.500000E+02   1.000000E+02  -5.000000E+00
          386   1.550000E+02   1.000000E+02  -5.000000E+00
          387   1.600000E+02   1.000000E+02  -5.000000E+00
          388   1.650000E+02   1.000000E+02  -5.000000E+00
          389   1.700000E+02   1.000000E+02  -5.000000E+00
          390   1.750000E+02   1.000000E+02  -5.000000E+00
          391   1.800000E+02   1.000000E+02  -5.000000E+00
          392   1.850000E+02   1.000000E+02  -5.000000E+00
          393   1.900000E+02   1.000000E+02  -5.000000E+00
          394   1.950000E+02   1.000000E+02  -5.000000E+00
          395   2.000000E+02   1.000000E+02  -5.000000E+00
          396   2.050000E+02   1.000000E+02  -5.000000E+00
          397   2.100000E+02   1.000000E+02  -5.000000E+00
          398   2.150000E+02   1.000000E+02  -5.000000E+00
          399   2.200000E+02   1.000000E+02  -5.000000E+00
          400   2.250000E+02   1.000000E+02  -5.000000E+00
          401   2.300000E+02   1.000000E+02  -5.000000E+00
          402   2.350000E+02   1.000000E+02  -5.000000E+00
          403   2.400000E+02   1.000000E+02  -5.000000E+00
          404   2.450000E+02   1.000000E+02  -5.000000E+00
          405   2.500000E+02   1.000000E+02  -5.000000E+00
          406   2.550000E+02   1.000000E+02  -5.000000E+00
          407   2.600000E+02   1.000000E+02  -5.000000E+00
          408   2.650000E+02   1.000000E+02  -5.000000E+00
          409   2.700000E+02   1.000000E+02  -5.000000E+00
          410   2.750000E+02   1.000000E+02  -5.000000E+00
          411   2.800000E+02   1.000000E+02  -5.000000E+00
          412   2.850000E+02   1.000000E+02  -5.000000E+00
          413   2.900000E+02   1.000000E+02  -5.000000E+00
          414   2.950000E+02   1.000000E+02  -5.000000E+00
          415   3.000000E+01   9.500000E+01  -5.000000E+00
          416   3.500000E+01   9.500000E+01  -5.000000E+00
          417   4.000000E+01   9.500000E+01  -5.000000E+00
          418   4.500000E+01   9.500000E+01  -5.000000E+00
          419   5.000000E+01   9.500000E+01  -5.000000E+00
          420   5.500000E+01   9.500000E+01  -5.000000E+00
          421   6.000000E+01   9.500000E+01  -5.000000E+00
          422   6.500000E+01   9.500000E+01  -5.000000E+00
          423   7.000000E+01   9.500000E+01  -5.000000E+00
          424   7.500000E+01   9.500000E+01  -5.000000E+00
          425   8.000000E+01   9.500000E+01  -5.000000E+00
          426   8.500000E+01   9.500000E+01  -5.000000E+00
          427   9.000000E+01   9.500000E+01  -5.000000E+00
          428   9.500000E+01   9.500000E+01  -5.000000E+00
          429   1.000000E+02   9.500000E+01  -5.000000E+00
          430   1.050000E+02   9.500000E+01  -5.000000E+00
          431   1.100000E+02   9.500000E+01  -5.000000E+00
          432   1.150000E+02   9.500000E+01  -5.000000E+00
          433   1.200000E+02   9.500000E+01  -5.000000E+00
          434   1.250000E+02   9.500000E+01  -5.000000E+00
          435   1.300000E+02   9.500000E+01  -5.000000E+00
          436   1.350000E+02   9.500000E+01  -5.000000E+00
          437   1.400000E+02   9.500000E+01  -5.000000E+00
          438   1.450000E+02   9.500000E+01  -5.000000E+00
          439   1.500000E+02   9.500000E+01  -5.000000E+00
          440   1.550000E+02   9.500000E+01  -5.000000E+00
          441   1.600000E+02   9.500000E+01  -5.000000E+00
          442   1.650000E+02   9.500000E+01  -5.000000E+00
          443   1.700000E+02   9.500000E+01  -5.000000E+00
          444   1.750000E+02   9.500000E+01  -5.000000E+00
          445   1.800000E+02   9.500000E+01  -5.000000E+00
          446   1.850000E+02   9.500000E+01  -5.000000E+00
          447   1.900000E+02   9.500000E+01  -5.000000E+00
          448   1.950000E+02   9.500000E+01  -5.000000E+00
          449   2.000000E+02   9.500000E+01  -5.000000E+00
          450   2.050000E+02   9.500000E+01  -5.000000E+00
          451   2.100000E+02   9.500000E+01  -5.000000E+00
          452   2.150000E+02   9.500000E+01  -5.000000E+00
          453   2.200000E+02   9.500000E+01  -5.000000E+00
          454   2.250000E+02   9.500000E+01  -5.000000E+00
          455   2.300000E+02   9.500000E+01  -5.000000E+00
          456   2.350000E+02   9.500000E+01  -5.000000E+00
          457   2.400000E+02   9.500000E+01  -5.000000E+00
          458   2.450000E+02   9.500000E+01  -5.000000E+00
          459   2.500000E+02   9.500000E+01  -5.000000E+00
          460   2.550000E+02   9.500000E+01  -5.000000E+00
          461   2.600000E+02   9.500000E+01  -5.000000E+00
          462   2.650000E+02   9.500000E+01  -5.000000E+00
          463   2.700000E+02   9.500000E+01  -5.000000E+00
          464   2.750000E+02   9.500000E+01  -5.000000E+00
          465   2.800000E+02   9.500000E+01  -5.000000E+00
          466   2.850000E+02   9.500000E+01  -5.000000E+00
          467   2.900000E+02   9.500000E+01  -5.000000E+00
          468   2.950000E+02   9.500000E+01  -5.000000E+00
          469   1.500000E+01   9.000000E+01  -5.000000E+00
          470   2.000000E+01   9.000000E+01  -5.000000E+00
          471   2.500000E+01   9.000000E+01  -5.000000E+00
          472   3.000000E+01   9.000000E+01  -5.000000E+00
          473   3.500000E+01   9.000000E+01  -5.000000E+00
          474   4.000000E+01   9.000000E+01  -5.000000E+00
          475   4.500000E+01   9.000000E+01  -5.000000E+00
          476   5.000000E+01   9.000000E+01  -5.000000E+00
          477   5.500000E+01   9.000000E+01  -5.000000E+00
          478   6.000000E+01   9.000000E+01  -5.000000E+00
          479   6.500000E+01   9.000000E+01  -5.000000E+00
          480   7.000000E+01   9.000000E+01  -5.000000E+00
          481   7.500000E+01   9.000000E+01  -5.000000E+00
          482   8.000000E+01   9.000000E+01  -5.000000E+00
          483   8.500000E+01   9.000000E+01  -5.000000E+00
          484   9.000000E+01   9.000000E+01  -5.000000E+00
          485   9.500000E+01   9.000000E+01  -5.000000E+00
          486   1.000000E+02   9.000000E+01  -5.000000E+00
          487   1.050000E+02   9.000000E+01  -5.000000E+00
          488   1.100000E+02   9.000000E+01  -5.000000E+00
          489   1.150000E+02   9.000000E+01  -5.000000E+00
          490   1.200000E+02   9.000000E+01  -5.000000E+00
          491   1.250000E+02   9.000000E+01  -5.000000E+00
          492   1.300000E+02   9.000000E+01  -5.000000E+00
          493   1.350000E+02   9.000000E+01  -5.000000E+00
          494   1.400000E+02   9.000000E+01  -5.000000E+00
          495   1.450000E+02   9.000000E+01  -5.000000E+00
          496   1.500000E+02   9.000000E+01  -5.000000E+00
          497   1.550000E+02   9.000000E+01  -5.000000E+00
          498   1.600000E+02   9.000000E+01  -5.000000E+00
          499   1.650000E+02   9.000000E+01  -5.000000E+00
          500   1.700000E+02   9.000000E+01  -5.000000E+00
          501   1.750000E+02   9.000000E+01  -5.000000E+00
          502   1.800000E+02   9.000000E+01  -5.000000E+00
          503   1.850000E+02   9.000000E+01  -5.000000E+00
          504   1.900000E+02   9.000000E+01  -5.000000E+00
          505   1.950000E+02   9.000000E+01  -5.000000E+00
          506   2.000000E+02   9.000000E+01  -5.000000E+00
          507   2.050000E+02   9.000000E+01  -5.000000E+00
          508   2.100000E+02   9.000000E+01  -5.000000E+00
          509   2.150000E+02   9.000000E+01  -5.000000E+00
          510   2.200000E+02   9.000000E+01  -5.000000E+00
          511   2.250000E+02   9.000000E+01  -5.000000E+00
          512   2.300000E+02   9.000000E+01  -5.000000E+00
          513   2.350000E+02   9.000000E+01  -5.000000E+00
          514   2.400000E+02   9.000000E+01  -5.000000E+00
          515   2.450000E+02   9.000000E+01  -5.000000E+00
          516   2.500000E+02   9.000000E+01  -5.000000E+00
          517   2.550000E+02   9.000000E+01  -5.000000E+00
          518   2.600000E+02   9.000000E+01  -5.000000E+00
          519   2.650000E+02   9.000000E+01  -5.000000E+00
          520   2.700000E+02   9.000000E+01  -5.000000E+00
          521   2.750000E+02   9.000000E+01  -5.000000E+00
          522   2.800000E+02   9.000000E+01  -5.000000E+00
          523   2.850000E+02   9.000000E+01  -5.000000E+00
          524   2.900000E+02   9.000000E+01  -5.000000E+00
          525   2.950000E+02   9.000000E+01  -5.000000E+00
          526   1.000000E+01   8.500000E+01  -5.000000E+00
          527   1.500000E+01   8.500000E+01  -5.000000E+00
          528   2.000000E+01   8.500000E+01  -5.000000E+00
          529   2.500000E+01   8.500000E+01  -5.000000E+00
          530   3.000000E+01   8.500000E+01  -5.000000E+00
          531   3.500000E+01   8.500000E+01  -5.000000E+00
          532   4.000000E+01   8.500000E+01  -5.000000E+00
          533   4.500000E+01   8.500000E+01  -5.000000E+00
          534   5.000000E+01   8.500000E+01  -5.000000E+00
          535   5.500000E+01   8.500000E+01  -5.000000E+00
          536   6.000000E+01   8.500000E+01  -5.000000E+00
          537   6.500000E+01   8.500000E+01  -5.000000E+00
          538   7.000000E+01   8.500000E+01  -5.000000E+00
          539   7.500000E+01   8.500000E+01  -5.000000E+00
          540   8.000000E+01   8.500000E+01  -5.000000E+00
          541   8.500000E+01   8.500000E+01  -5.000000E+00
          542   9.000000E+01   8.500000E+01  -5.000000E+00
          543   9.500000E+01   8.500000E+01  -5.000000E+00
          544   1.000000E+02   8.500000E+01  -5.000000E+00
          545   1.050000E+02   8.500000E+01  -5.000000E+00
          546   1.100000E+02   8.500000E+01  -5.000000E+00
          547   1.150000E+02   8.500000E+01  -5.000000E+00
          548   1.200000E+02   8.500000E+01  -5.000000E+00
          549   1.250000E+02   8.500000E+01  -5.000000E+00
          550   1.300000E+02   8.500000E+01  -5.000000E+00
          551   1.350000E+02   8.500000E+01  -5.000000E+00
          552   1.400000E+02   8.500000E+01  -5.000000E+00
          553   1.450000E+02   8.500000E+01  -5.000000E+00
          554   1.500000E+02   8.500000E+01  -5.000000E+00
          555   1.550000E+02   8.500000E+01  -5.000000E+00
          556   1.600000E+02   8.500000E+01  -5.000000E+00
          557   1.650000E+02   8.500000E+01  -5.000000E+00
          558   1.700000E+02   8.500000E+01  -5.000000E+00
          559   1.750000E+02   8.500000E+01  -5.000000E+00
          560   1.800000E+02   8.500000E+01  -5.000000E+00
          561   1.850000E+02   8.500000E+01  -5.000000E+00
          562   1.900000E+02   8.500000E+01  -5.000000E+00
          563   1.950000E+02   8.500000E+01  -5.000000E+00
          564   2.000000E+02   8.500000E+01  -5.000000E+00
          565   2.050000E+02   8.500000E+01  -5.000000E+00
          566   2.100000E+02   8.500000E+01  -5.000000E+00
          567   2.150000E+02   8.500000E+01  -5.000000E+00
          568   2.200000E+02   8.500000E+01  -5.000000E+00
          569   2.250000E+02   8.500000E+01  -5.000000E+00
          570   2.300000E+02   8.500000E+01  -5.000000E+00
          571   2.350000E+02   8.500000E+01  -5.000000E+00
          572   2.400000E+02   8.500000E+01  -5.000000E+00
          573   2.450000E+02   8.500000E+01  -5.000000E+00
          574   2.500000E+02   8.500000E+01  -5.000000E+00
          575   2.550000E+02   8.500000E+01  -5.000000E+00
          576   2.600000E+02   8.500000E+01  -5.000000E+00
          577   2.650000E+02   8.500000E+01  -5.000000E+00
          578   2.700000E+02   8.500000E+01  -5.000000E+00
          579   2.750000E+02   8.500000E+01  -5.000000E+00
          580   2.800000E+02   8.500000E+01  -5.000000E+00
          581   2.850000E+02   8.500000E+01  -5.000000E+00
          582   2.900000E+02   8.500000E+01  -5.000000E+00
          583   2.950000E+02   8.500000E+01  -5.000000E+00
          584   3.000000E+02   8.500000E+01  -5.000000E+00
          585   1.000000E+01   8.000000E+01  -5.000000E+00
          586   1.500000E+01   8.000000E+01  -5.000000E+00
          587   2.000000E+01   8.000000E+01  -5.000000E+00
          588   2.500000E+01   8.000000E+01  -5.000000E+00
          589   3.000000E+01   8.000000E+01  -5.000000E+00
          590   3.500000E+01   8.000000E+01  -5.000000E+00
          591   4.000000E+01   8.000000E+01  -5.000000E+00
          592   4.500000E+01   8.000000E+01  -5.000000E+00
          593   5.000000E+01   8.000000E+01  -5.000000E+00
          594   5.500000E+01   8.000000E+01  -5.000000E+00
          595   6.000000E+01   8.000000E+01  -5.000000E+00
          596   6.500000E+01   8.000000E+01  -5.000000E+00
          597   7.000000E+01   8.000000E+01  -5.000000E+00
          598   7.500000E+01   8.000000E+01  -5.000000E+00
          599   8.000000E+01   8.000000E+01  -5.000000E+00
          600   8.500000E+01   8.000000E+01  -5.000000E+00
          601   9.000000E+01   8.000000E+01  -5.000000E+00
          602   9.500000E+01   8.000000E+01  -5.000000E+00
          603   1.000000E+02   8.000000E+01  -5.000000E+00
          604   1.050000E+02   8.000000E+01  -5.000000E+00
          605   1.100000E+02   8.000000E+01  -5.000000E+00
          606   1.150000E+02   8.000000E+01  -5.000000E+00
          607   1.200000E+02   8.000000E+01  -5.000000E+00
          608   1.250000E+02   8.000000E+01  -5.000000E+00
          609   1.300000E+02   8.000000E+01  -5.000000E+00
          610   1.350000E+02   8.000000E+01  -5.000000E+00
          611   1.400000E+02   8.000000E+01  -5.000000E+00
          612   1.450000E+02   8.000000E+01  -5.000000E+00
          613   1.500000E+02   8.000000E+01  -5.000000E+00
          614   1.550000E+02   8.000000E+01  -5.000000E+00
          615   1.600000E+02   8.000000E+01  -5.000000E+00
          616   1.650000E+02   8.000000E+01  -5.000000E+00
          617   1.700000E+02   8.000000E+01  -5.000000E+00
          618   1.750000E+02   8.000000E+01  -5.000000E+00
          619   1.800000E+02   8.000000E+01  -5.000000E+00
          620   1.850000E+02   8.000000E+01  -5.000000E+00
          621   1.900000E+02   8.000000E+01  -5.000000E+00
          622   1.950000E+02   8.000000E+01  -5.000000E+00
          623   2.000000E+02   8.000000E+01  -5.000000E+00
          624   2.050000E+02   8.000000E+01  -5.000000E+00
          625   2.100000E+02   8.000000E+01  -5.000000E+00
          626   2.150000E+02   8.000000E+01  -5.000000E+00
          627   2.200000E+02   8.000000E+01  -5.000000E+00
          628   2.250000E+02   8.000000E+01  -5.000000E+00
          629   2.300000E+02   8.000000E+01  -5.000000E+00
          630   2.350000E+02   8.000000E+01  -5.000000E+00
          631   2.400000E+02   8.000000E+01  -5.000000E+00
          632   2.450000E+02   8.000000E+01  -5.000000E+00
          633   2.500000E+02   8.000000E+01  -5.000000E+00
          634   2.550000E+02   8.000000E+01  -5.000000E+00
          635   2.600000E+02   8.000000E+01  -5.000000E+00
          636   2.650000E+02   8.000000E+01  -5.000000E+00
          637   2.700000E+02   8.000000E+01  -5.000000E+00
          638   2.750000E+02   8.000000E+01  -5.000000E+00
          639   2.800000E+02   8.000000E+01  -5.000000E+00
          640   2.850000E+02   8.000000E+01  -5.000000E+00
          641   2.900000E+02   8.000000E+01  -5.000000E+00
          642   2.950000E+02   8.000000E+01  -5.000000E+00
          643   3.000000E+02   8.000000E+01  -5.000000E+00
          644   3.050000E+02   8.000000E+01  -5.000000E+00
          645   1.000000E+01   7.500000E+01  -5.000000E+00
          646   1.500000E+01   7.500000E+01  -5.000000E+00
          647   2.000000E+01   7.500000E+01  -5.000000E+00
          648   2.500000E+01   7.500000E+01  -5.000000E+00
          649   3.000000E+01   7.500000E+01  -5.000000E+00
          650   3.500000E+01   7.500000E+01  -5.000000E+00
          651   4.000000E+01   7.500000E+01  -5.000000E+00
          652   4.500000E+01   7.500000E+01  -5.000000E+00
          653   5.000000E+01   7.500000E+01  -5.000000E+00
          654   5.500000E+01   7.500000E+01  -5.000000E+00
          655   6.000000E+01   7.500000E+01  -5.000000E+00
          656   6.500000E+01   7.500000E+01  -5.000000E+00
          657   7.000000E+01   7.500000E+01  -5.000000E+00
          658   7.500000E+01   7.500000E+01  -5.000000E+00
          659   8.000000E+01   7.500000E+01  -5.000000E+00
          660   8.500000E+01   7.500000E+01  -5.000000E+00
          661   9.000000E+01   7.500000E+01  -5.000000E+00
          662   9.500000E+01   7.500000E+01  -5.000000E+00
          663   1.000000E+02   7.500000E+01  -5.000000E+00
          664   1.050000E+02   7.500000E+01  -5.000000E+00
          665   1.100000E+02   7.500000E+01  -5.000000E+00
          666   1.150000E+02   7.500000E+01  -5.000000E+00
          667   1.200000E+02   7.500000E+01  -5.000000E+00
          668   1.250000E+02   7.500000E+01  -5.000000E+00
          669   1.300000E+02   7.500000E+01  -5.000000E+00
          670   1.350000E+02   7.500000E+01  -5.000000E+00
          671   1.400000E+02   7.500000E+01  -5.000000E+00
          672   1.450000E+02   7.500000E+01  -5.000000E+00
          673   1.500000E+02   7.500000E+01  -5.000000E+00
          674   1.550000E+02   7.500000E+01  -5.000000E+00
          675   1.600000E+02   7.500000E+01  -5.000000E+00
          676   1.650000E+02   7.500000E+01  -5.000000E+00
          677   1.700000E+02   7.500000E+01  -5.000000E+00
          678   1.750000E+02   7.500000E+01  -5.000000E+00
          679   1.800000E+02   7.500000E+01  -5.000000E+00
          680   1.850000E+02   7.500000E+01  -5.000000E+00
          681   1.900000E+02   7.500000E+01  -5.000000E+00
          682   1.950000E+02   7.500000E+01  -5.000000E+00
          683   2.000000E+02   7.500000E+01  -5.000000E+00
          684   2.050000E+02   7.500000E+01  -5.000000E+00
          685   2.100000E+02   7.500000E+01  -5.000000E+00
          686   2.150000E+02   7.500000E+01  -5.000000E+00
          687   2.200000E+02   7.500000E+01  -5.000000E+00
          688   2.250000E+02   7.500000E+01  -5.000000E+00
          689   2.300000E+02   7.500000E+01  -5.000000E+00
          690   2.350000E+02   7.500000E+01  -5.000000E+00
          691   2.400000E+02   7.500000E+01  -5.000000E+00
          692   2.450000E+02   7.500000E+01  -5.000000E+00
          693   2.500000E+02   7.500000E+01  -5.000000E+00
          694   2.550000E+02   7.500000E+01  -5.000000E+00
          695   2.600000E+02   7.500000E+01  -5.000000E+00
          696   2.650000E+02   7.500000E+01  -5.000000E+00
          697   2.700000E+02   7.500000E+01  -5.000000E+00
          698   2.750000E+02   7.500000E+01  -5.000000E+00
          699   2.800000E+02   7.500000E+01  -5.000000E+00
          700   2.850000E+02   7.500000E+01  -5.000000E+00
          701   2.900000E+02   7.500000E+01  -5.000000E+00
          702   2.950000E+02   7.500000E+01  -5.000000E+00
          703   3.000000E+02   7.500000E+01  -5.000000E+00
          704   3.050000E+02   7.500000E+01  -5.000000E+00
          705   1.000000E+01   7.000000E+01  -5.000000E+00
          706   1.500000E+01   7.000000E+01  -5.000000E+00
          707   2.000000E+01   7.000000E+01  -5.000000E+00
          708   2.500000E+01   7.000000E+01  -5.000000E+00
          709   3.000000E+01   7.000000E+01  -5.000000E+00
          710   3.500000E+01   7.000000E+01  -5.000000E+00
          711   4.000000E+01   7.000000E+01  -5.000000E+00
          712   4.500000E+01   7.000000E+01  -5.000000E+00
          713   5.000000E+01   7.000000E+01  -5.000000E+00
          714   5.500000E+01   7.000000E+01  -5.000000E+00
          715   6.000000E+01   7.000000E+01  -5.000000E+00
          716   6.500000E+01   7.000000E+01  -5.000000E+00
          717   7.000000E+01   7.000000E+01  -5.000000E+00
          718   7.500000E+01   7.000000E+01  -5.000000E+00
          719   8.000000E+01   7.000000E+01  -5.000000E+00
          720   8.500000E+01   7.000000E+01  -5.000000E+00
          721   9.000000E+01   7.000000E+01  -5.000000E+00
          722   9.500000E+01   7.000000E+01  -5.000000E+00
          723   1.000000E+02   7.000000E+01  -5.000000E+00
          724   1.050000E+02   7.000000E+01  -5.000000E+00
          725   1.100000E+02   7.000000E+01  -5.000000E+00
          726   1.150000E+02   7.000000E+01  -5.000000E+00
          727   1.200000E+02   7.000000E+01  -5.000000E+00
          728   1.250000E+02   7.000000E+01  -5.000000E+00
          729   1.300000E+02   7.000000E+01  -5.000000E+00
          730   1.350000E+02   7.000000E+01  -5.000000E+00
          731   1.400000E+02   7.000000E+01  -5.000000E+00
          732   1.450000E+02   7.000000E+01  -5.000000E+00
          733   1.500000E+02   7.000000E+01  -5.000000E+00
          734   1.550000E+02   7.000000E+01  -5.000000E+00
          735   1.600000E+02   7.000000E+01  -5.000000E+00
          736   1.650000E+02   7.000000E+01  -5.000000E+00
          737   1.700000E+02   7.000000E+01  -5.000000E+00
          738   1.750000E+02   7.000000E+01  -5.000000E+00
          739   1.800000E+02   7.000000E+01  -5.000000E+00
          740   1.850000E+02   7.000000E+01  -5.000000E+00
          741   1.900000E+02   7.000000E+01  -5.000000E+00
          742   1.950000E+02   7.000000E+01  -5.000000E+00
          743   2.000000E+02   7.000000E+01  -5.000000E+00
          744   2.050000E+02   7.000000E+01  -5.000000E+00
          745   2.100000E+02   7.000000E+01  -5.000000E+00
          746   2.150000E+02   7.000000E+01  -5.000000E+00
          747   2.200000E+02   7.000000E+01  -5.000000E+00
          748   2.250000E+02   7.000000E+01  -5.000000E+00
          749   2.300000E+02   7.000000E+01  -5.000000E+00
          750   2.350000E+02   7.000000E+01  -5.000000E+00
          751   2.400000E+02   7.000000E+01  -5.000000E+00
          752   2.450000E+02   7.000000E+01  -5.000000E+00
          753   2.500000E+02   7.000000E+01  -5.000000E+00
          754   2.550000E+02   7.000000E+01  -5.000000E+00
          755   2.600000E+02   7.000000E+01  -5.000000E+00
          756   2.650000E+02   7.000000E+01  -5.000000E+00
          757   2.700000E+02   7.000000E+01  -5.000000E+00
          758   2.750000E+02   7.000000E+01  -5.000000E+00
          759   5.000000E+00   6.500000E+01  -5.000000E+00
          760   1.000000E+01   6.500000E+01  -5.000000E+00
          761   1.500000E+01   6.500000E+01  -5.000000E+00
          762   2.000000E+01   6.500000E+01  -5.000000E+00
          763   2.500000E+01   6.500000E+01  -5.000000E+00
          764   3.000000E+01   6.500000E+01  -5.000000E+00
          765   3.500000E+01   6.500000E+01  -5.000000E+00
          766   4.000000E+01   6.500000E+01  -5.000000E+00
          767   4.500000E+01   6.500000E+01  -5.000000E+00
          768   5.000000E+01   6.500000E+01  -5.000000E+00
          769   5.500000E+01   6.500000E+01  -5.000000E+00
          770   6.000000E+01   6.500000E+01  -5.000000E+00
          771   6.500000E+01   6.500000E+01  -5.000000E+00
          772   7.000000E+01   6.500000E+01  -5.000000E+00
          773   7.500000E+01   6.500000E+01  -5.000000E+00
          774   8.000000E+01   6.500000E+01  -5.000000E+00
          775   8.500000E+01   6.500000E+01  -5.000000E+00
          776   9.000000E+01   6.500000E+01  -5.000000E+00
          777   9.500000E+01   6.500000E+01  -5.000000E+00
          778   1.000000E+02   6.500000E+01  -5.000000E+00
          779   1.050000E+02   6.500000E+01  -5.000000E+00
          780   1.100000E+02   6.500000E+01  -5.000000E+00
          781   1.150000E+02   6.500000E+01  -5.000000E+00
          782   1.200000E+02   6.500000E+01  -5.000000E+00
          783   1.250000E+02   6.500000E+01  -5.000000E+00
          784   1.300000E+02   6.500000E+01  -5.000000E+00
          785   1.350000E+02   6.500000E+01  -5.000000E+00
          786   1.400000E+02   6.500000E+01  -5.000000E+00
          787   1.450000E+02   6.500000E+01  -5.000000E+00
          788   1.500000E+02   6.500000E+01  -5.000000E+00
          789   1.550000E+02   6.500000E+01  -5.000000E+00
          790   1.600000E+02   6.500000E+01  -5.000000E+00
          791   1.650000E+02   6.500000E+01  -5.000000E+00
          792   1.700000E+02   6.500000E+01  -5.000000E+00
          793   1.750000E+02   6.500000E+01  -5.000000E+00
          794   1.800000E+02   6.500000E+01  -5.000000E+00
          795   1.850000E+02   6.500000E+01  -5.000000E+00
          796   1.900000E+02   6.500000E+01  -5.000000E+00
          797   1.950000E+02   6.500000E+01  -5.000000E+00
          798   2.000000E+02   6.500000E+01  -5.000000E+00
          799   2.050000E+02   6.500000E+01  -5.000000E+00
          800   2.100000E+02   6.500000E+01  -5.000000E+00
          801   2.150000E+02   6.500000E+01  -5.000000E+00
          802   2.200000E+02   6.500000E+01  -5.000000E+00
          803   2.250000E+02   6.500000E+01  -5.000000E+00
          804   2.300000E+02   6.500000E+01  -5.000000E+00
          805   2.350000E+02   6.500000E+01  -5.000000E+00
          806   2.400000E+02   6.500000E+01  -5.000000E+00
          807   2.450000E+02   6.500000E+01  -5.000000E+00
          808   2.500000E+02   6.500000E+01  -5.000000E+00
          809   2.550000E+02   6.500000E+01  -5.000000E+00
          810   2.600000E+02   6.500000E+01  -5.000000E+00
          811   2.650000E+02   6.500000E+01  -5.000000E+00
          812   0.000000E+00   6.000000E+01  -5.000000E+00
          813   5.000000E+00   6.000000E+01  -5.000000E+00
          814   1.000000E+01   6.000000E+01  -5.000000E+00
          815   1.500000E+01   6.000000E+01  -5.000000E+00
          816   2.000000E+01   6.000000E+01  -5.000000E+00
          817   2.500000E+01   6.000000E+01  -5.000000E+00
          818   3.000000E+01   6.000000E+01  -5.000000E+00
          819   3.500000E+01   6.000000E+01  -5.000000E+00
          820   4.000000E+01   6.000000E+01  -5.000000E+00
          821   4.500000E+01   6.000000E+01  -5.000000E+00
          822   5.000000E+01   6.000000E+01  -5.000000E+00
          823   5.500000E+01   6.000000E+01  -5.000000E+00
          824   6.000000E+01   6.000000E+01  -5.000000E+00
          825   6.500000E+01   6.000000E+01  -5.000000E+00
          826   7.000000E+01   6.000000E+01  -5.000000E+00
          827   7.500000E+01   6.000000E+01  -5.000000E+00
          828   8.000000E+01   6.000000E+01  -5.000000E+00
          829   8.500000E+01   6.000000E+01  -5.000000E+00
          830   9.000000E+01   6.000000E+01  -5.000000E+00
          831   9.500000E+01   6.000000E+01  -5.000000E+00
          832   1.000000E+02   6.000000E+01  -5.000000E+00
          833   1.050000E+02   6.000000E+01  -5.000000E+00
          834   1.100000E+02   6.000000E+01  -5.000000E+00
          835   1.150000E+02   6.000000E+01  -5.000000E+00
          836   1.200000E+02   6.000000E+01  -5.000000E+00
          837   1.250000E+02   6.000000E+01  -5.000000E+00
          838   1.300000E+02   6.000000E+01  -5.000000E+00
          839   1.350000E+02   6.000000E+01  -5.000000E+00
          840   1.400000E+02   6.000000E+01  -5.000000E+00
          841   1.450000E+02   6.000000E+01  -5.000000E+00
          842   1.500000E+02   6.000000E+01  -5.000000E+00
          843   1.550000E+02   6.000000E+01  -5.000000E+00
          844   1.600000E+02   6.000000E+01  -5.000000E+00
          845   1.650000E+02   6.000000E+01  -5.000000E+00
          846   1.700000E+02   6.000000E+01  -5.000000E+00
          847   1.750000E+02   6.000000E+01  -5.000000E+00
          848   1.800000E+02   6.000000E+01  -5.000000E+00
          849   1.850000E+02   6.000000E+01  -5.000000E+00
          850   1.900000E+02   6.000000E+01  -5.000000E+00
          851   1.950000E+02   6.000000E+01  -5.000000E+00
          852   2.000000E+02   6.000000E+01  -5.000000E+00
          853   2.050000E+02   6.000000E+01  -5.000000E+00
          854   2.100000E+02   6.000000E+01  -5.000000E+00
          855   2.150000E+02   6.000000E+01  -5.000000E+00
          856   2.200000E+02   6.000000E+01  -5.000000E+00
          857   2.250000E+02   6.000000E+01  -5.000000E+00
          858   2.300000E+02   6.000000E+01  -5.000000E+00
          859   2.350000E+02   6.000000E+01  -5.000000E+00
          860   2.400000E+02   6.000000E+01  -5.000000E+00
          861   2.450000E+02   6.000000E+01  -5.000000E+00
          862   2.500000E+02   6.000000E+01  -5.000000E+00
          863   2.550000E+02   6.000000E+01  -5.000000E+00
          864   2.600000E+02   6.000000E+01  -5.000000E+00
          865   0.000000E+00   5.500000E+01  -5.000000E+00
          866   5.000000E+00   5.500000E+01  -5.000000E+00
          867   1.000000E+01   5.500000E+01  -5.000000E+00
          868   1.500000E+01   5.500000E+01  -5.000000E+00
          869   2.000000E+01   5.500000E+01  -5.000000E+00
          870   2.500000E+01   5.500000E+01  -5.000000E+00
          871   3.000000E+01   5.500000E+01  -5.000000E+00
          872   3.500000E+01   5.500000E+01  -5.000000E+00
          873   4.000000E+01   5.500000E+01  -5.000000E+00
          874   4.500000E+01   5.500000E+01  -5.000000E+00
          875   5.000000E+01   5.500000E+01  -5.000000E+00
          876   5.500000E+01   5.500000E+01  -5.000000E+00
          877   6.000000E+01   5.500000E+01  -5.000000E+00
          878   6.500000E+01   5.500000E+01  -5.000000E+00
          879   7.000000E+01   5.500000E+01  -5.000000E+00
          880   7.500000E+01   5.500000E+01  -5.000000E+00
          881   8.000000E+01   5.500000E+01  -5.000000E+00
          882   8.500000E+01   5.500000E+01  -5.000000E+00
          883   9.000000E+01   5.500000E+01  -5.000000E+00
          884   9.500000E+01   5.500000E+01  -5.000000E+00
          885   1.000000E+02   5.500000E+01  -5.000000E+00
          886   1.050000E+02   5.500000E+01  -5.000000E+00
          887   1.100000E+02   5.500000E+01  -5.000000E+00
          888   1.150000E+02   5.500000E+01  -5.000000E+00
          889   1.200000E+02   5.500000E+01  -5.000000E+00
          890   1.250000E+02   5.500000E+01  -5.000000E+00
          891   1.300000E+02   5.500000E+01  -5.000000E+00
          892   1.350000E+02   5.500000E+01  -5.000000E+00
          893   1.400000E+02   5.500000E+01  -5.000000E+00
          894   1.450000E+02   5.500000E+01  -5.000000E+00
          895   1.500000E+02   5.500000E+01  -5.000000E+00
          896   1.550000E+02   5.500000E+01  -5.000000E+00
          897   1.600000E+02   5.500000E+01  -5.000000E+00
          898   1.650000E+02   5.500000E+01  -5.000000E+00
          899   1.700000E+02   5.500000E+01  -5.000000E+00
          900   1.750000E+02   5.500000E+01  -5.000000E+00
          901   1.800000E+02   5.500000E+01  -5.000000E+00
          902   1.850000E+02   5.500000E+01  -5.000000E+00
          903   1.900000E+02   5.500000E+01  -5.000000E+00
          904   1.950000E+02   5.500000E+01  -5.000000E+00
          905   2.000000E+02   5.500000E+01  -5.000000E+00
          906   2.050000E+02   5.500000E+01  -5.000000E+00
          907   2.100000E+02   5.500000E+01  -5.000000E+00
          908   2.150000E+02   5.500000E+01  -5.000000E+00
          909   2.200000E+02   5.500000E+01  -5.000000E+00
          910   2.250000E+02   5.500000E+01  -5.000000E+00
          911   2.300000E+02   5.500000E+01  -5.000000E+00
          912   2.350000E+02   5.500000E+01  -5.000000E+00
          913   2.400000E+02   5.500000E+01  -5.000000E+00
          914   2.450000E+02   5.500000E+01  -5.000000E+00
          915   2.500000E+02   5.500000E+01  -5.000000E+00
          916   2.550000E+02   5.500000E+01  -5.000000E+00
          917   0.000000E+00   5.000000E+01  -5.000000E+00
          918   5.000000E+00   5.000000E+01  -5.000000E+00
          919   1.000000E+01   5.000000E+01  -5.000000E+00
          920   1.500000E+01   5.000000E+01  -5.000000E+00
          921   2.000000E+01   5.000000E+01  -5.000000E+00
          922   2.500000E+01   5.000000E+01  -5.000000E+00
          923   3.000000E+01   5.000000E+01  -5.000000E+00
          924   3.500000E+01   5.000000E+01  -5.000000E+00
          925   4.000000E+01   5.000000E+01  -5.000000E+00
          926   4.500000E+01   5.000000E+01  -5.000000E+00
          927   5.000000E+01   5.000000E+01  -5.000000E+00
          928   5.500000E+01   5.000000E+01  -5.000000E+00
          929   6.000000E+01   5.000000E+01  -5.000000E+00
          930   6.500000E+01   5.000000E+01  -5.000000E+00
          931   7.000000E+01   5.000000E+01  -5.000000E+00
          932   7.500000E+01   5.000000E+01  -5.000000E+00
          933   8.000000E+01   5.000000E+01  -5.000000E+00
          934   8.500000E+01   5.000000E+01  -5.000000E+00
          935   9.000000E+01   5.000000E+01  -5.000000E+00
          936   9.500000E+01   5.000000E+01  -5.000000E+00
          937   1.000000E+02   5.000000E+01  -5.000000E+00
          938   1.050000E+02   5.000000E+01  -5.000000E+00
          939   1.100000E+02   5.000000E+01  -5.000000E+00
          940   1.150000E+02   5.000000E+01  -5.000000E+00
          941   1.200000E+02   5.000000E+01  -5.000000E+00
          942   1.250000E+02   5.000000E+01  -5.000000E+00
          943   1.300000E+02   5.000000E+01  -5.000000E+00
          944   1.350000E+02   5.000000E+01  -5.000000E+00
          945   1.400000E+02   5.000000E+01  -5.000000E+00
          946   1.450000E+02   5.000000E+01  -5.000000E+00
          947   1.500000E+02   5.000000E+01  -5.000000E+00
          948   1.550000E+02   5.000000E+01  -5.000000E+00
          949   1.600000E+02   5.000000E+01  -5.000000E+00
          950   1.650000E+02   5.000000E+01  -5.000000E+00
          951   1.700000E+02   5.000000E+01  -5.000000E+00
          952   1.750000E+02   5.000000E+01  -5.000000E+00
          953   1.800000E+02   5.000000E+01  -5.000000E+00
          954   1.850000E+02   5.000000E+01  -5.000000E+00
          955   1.900000E+02   5.000000E+01  -5.000000E+00
          956   1.950000E+02   5.000000E+01  -5.000000E+00
          957   2.000000E+02   5.000000E+01  -5.000000E+00
          958   2.050000E+02   5.000000E+01  -5.000000E+00
          959   2.100000E+02   5.000000E+01  -5.000000E+00
          960   2.150000E+02   5.000000E+01  -5.000000E+00
          961   2.200000E+02   5.000000E+01  -5.000000E+00
          962   2.250000E+02   5.000000E+01  -5.000000E+00
          963   2.300000E+02   5.000000E+01  -5.000000E+00
          964   2.350000E+02   5.000000E+01  -5.000000E+00
          965   2.400000E+02   5.000000E+01  -5.000000E+00
          966   2.450000E+02   5.000000E+01  -5.000000E+00
          967   2.500000E+02   5.000000E+01  -5.000000E+00
          968   1.000000E+01   4.500000E+01  -5.000000E+00
          969   1.500000E+01   4.500000E+01  -5.000000E+00
          970   2.000000E+01   4.500000E+01  -5.000000E+00
          971   2.500000E+01   4.500000E+01  -5.000000E+00
          972   3.000000E+01   4.500000E+01  -5.000000E+00
          973   3.500000E+01   4.500000E+01  -5.000000E+00
          974   4.000000E+01   4.500000E+01  -5.000000E+00
          975   4.500000E+01   4.500000E+01  -5.000000E+00
          976   5.000000E+01   4.500000E+01  -5.000000E+00
          977   5.500000E+01   4.500000E+01  -5.000000E+00
          978   6.000000E+01   4.500000E+01  -5.000000E+00
          979   6.500000E+01   4.500000E+01  -5.000000E+00
          980   7.000000E+01   4.500000E+01  -5.000000E+00
          981   7.500000E+01   4.500000E+01  -5.000000E+00
          982   8.000000E+01   4.500000E+01  -5.000000E+00
          983   8.500000E+01   4.500000E+01  -5.000000E+00
          984   9.000000E+01   4.500000E+01  -5.000000E+00
          985   9.500000E+01   4.500000E+01  -5.000000E+00
          986   1.000000E+02   4.500000E+01  -5.000000E+00
          987   1.050000E+02   4.500000E+01  -5.000000E+00
          988   1.100000E+02   4.500000E+01  -5.000000E+00
          989   1.150000E+02   4.500000E+01  -5.000000E+00
          990   1.200000E+02   4.500000E+01  -5.000000E+00
          991   1.250000E+02   4.500000E+01  -5.000000E+00
          992   1.300000E+02   4.500000E+01  -5.000000E+00
          993   1.350000E+02   4.500000E+01  -5.000000E+00
          994   1.400000E+02   4.500000E+01  -5.000000E+00
          995   1.450000E+02   4.500000E+01  -5.000000E+00
          996   1.500000E+02   4.500000E+01  -5.000000E+00
          997   1.550000E+02   4.500000E+01  -5.000000E+00
          998   1.600000E+02   4.500000E+01  -5.000000E+00
          999   1.650000E+02   4.500000E+01  -5.000000E+00
         1000   1.700000E+02   4.500000E+01  -5.000000E+00
         1001   1.750000E+02   4.500000E+01  -5.000000E+00
         1002   1.800000E+02   4.500000E+01  -5.000000E+00
         1003   1.850000E+02   4.500000E+01  -5.000000E+00
         1004   1.900000E+02   4.500000E+01  -5.000000E+00
         1005   1.950000E+02   4.500000E+01  -5.000000E+00
         1006   2.000000E+02   4.500000E+01  -5.000000E+00
         1007   2.050000E+02   4.500000E+01  -5.000000E+00
         1008   2.100000E+02   4.500000E+01  -5.000000E+00
         1009   2.150000E+02   4.500000E+01  -5.000000E+00
         1010   2.200000E+02   4.500000E+01  -5.000000E+00
         1011   2.250000E+02   4.500000E+01  -5.000000E+00
         1012   2.300000E+02   4.500000E+01  -5.000000E+00
         1013   2.350000E+02   4.500000E+01  -5.000000E+00
         1014   2.400000E+02   4.500000E+01  -5.000000E+00
         1015   1.000000E+01   4.000000E+01  -5.000000E+00
         1016   1.500000E+01   4.000000E+01  -5.000000E+00
         1017   2.000000E+01   4.000000E+01  -5.000000E+00
         1018   2.500000E+01   4.000000E+01  -5.000000E+00
         1019   3.000000E+01   4.000000E+01  -5.000000E+00
         1020   3.500000E+01   4.000000E+01  -5.000000E+00
         1021   4.000000E+01   4.000000E+01  -5.000000E+00
         1022   4.500000E+01   4.000000E+01  -5.000000E+00
         1023   5.000000E+01   4.000000E+01  -5.000000E+00
         1024   5.500000E+01   4.000000E+01  -5.000000E+00
         1025   6.000000E+01   4.000000E+01  -5.000000E+00
         1026   6.500000E+01   4.000000E+01  -5.000000E+00
         1027   7.000000E+01   4.000000E+01  -5.000000E+00
         1028   7.500000E+01   4.000000E+01  -5.000000E+00
         1029   8.000000E+01   4.000000E+01  -5.000000E+00
         1030   8.500000E+01   4.000000E+01  -5.000000E+00
         1031   9.000000E+01   4.000000E+01  -5.000000E+00
         1032   9.500000E+01   4.000000E+01  -5.000000E+00
         1033   1.000000E+02   4.000000E+01  -5.000000E+00
         1034   1.050000E+02   4.000000E+01  -5.000000E+00
         1035   1.100000E+02   4.000000E+01  -5.000000E+00
         1036   1.150000E+02   4.000000E+01  -5.000000E+00
         1037   1.200000E+02   4.000000E+01  -5.000000E+00
         1038   1.250000E+02   4.000000E+01  -5.000000E+00
         1039   1.300000E+02   4.000000E+01  -5.000000E+00
         1040   1.350000E+02   4.000000E+01  -5.000000E+00
         1041   1.400000E+02   4.000000E+01  -5.000000E+00
         1042   1.450000E+02   4.000000E+01  -5.000000E+00
         1043   1.500000E+02   4.000000E+01  -5.000000E+00
         1044   1.550000E+02   4.000000E+01  -5.000000E+00
         1045   1.600000E+02   4.000000E+01  -5.000000E+00
         1046   1.650000E+02   4.000000E+01  -5.000000E+00
         1047   1.700000E+02   4.000000E+01  -5.000000E+00
         1048   1.750000E+02   4.000000E+01  -5.000000E+00
         1049   1.800000E+02   4.000000E+01  -5.000000E+00
         1050   1.850000E+02   4.000000E+01  -5.000000E+00
         1051   1.900000E+02   4.000000E+01  -5.000000E+00
         1052   1.950000E+02   4.000000E+01  -5.000000E+00
         1053   2.000000E+02   4.000000E+01  -5.000000E+00
         1054   2.050000E+02   4.000000E+01  -5.000000E+00
         1055   2.100000E+02   4.000000E+01  -5.000000E+00
         1056   2.150000E+02   4.000000E+01  -5.000000E+00
         1057   2.200000E+02   4.000000E+01  -5.000000E+00
         1058   2.250000E+02   4.000000E+01  -5.000000E+00
         1059   2.300000E+02   4.000000E+01  -5.000000E+00
         1060   2.350000E+02   4.000000E+01  -5.000000E+00
         1061   1.500000E+01   3.500000E+01  -5.000000E+00
         1062   2.000000E+01   3.500000E+01  -5.000000E+00
         1063   2.500000E+01   3.500000E+01  -5.000000E+00
         1064   3.000000E+01   3.500000E+01  -5.000000E+00
         1065   3.500000E+01   3.500000E+01  -5.000000E+00
         1066   4.000000E+01   3.500000E+01  -5.000000E+00
         1067   4.500000E+01   3.500000E+01  -5.000000E+00
         1068   5.000000E+01   3.500000E+01  -5.000000E+00
         1069   5.500000E+01   3.500000E+01  -5.000000E+00
         1070   6.000000E+01   3.500000E+01  -5.000000E+00
         1071   6.500000E+01   3.500000E+01  -5.000000E+00
         1072   7.000000E+01   3.500000E+01  -5.000000E+00
         1073   7.500000E+01   3.500000E+01  -5.000000E+00
         1074   8.000000E+01   3.500000E+01  -5.000000E+00
         1075   8.500000E+01   3.500000E+01  -5.000000E+00
         1076   9.000000E+01   3.500000E+01  -5.000000E+00
         1077   9.500000E+01   3.500000E+01  -5.000000E+00
         1078   1.000000E+02   3.500000E+01  -5.000000E+00
         1079   1.050000E+02   3.500000E+01  -5.000000E+00
         1080   1.100000E+02   3.500000E+01  -5.000000E+00
         1081   1.150000E+02   3.500000E+01  -5.000000E+00
         1082   1.200000E+02   3.500000E+01  -5.000000E+00
         1083   1.250000E+02   3.500000E+01  -5.000000E+00
         1084   1.300000E+02   3.500000E+01  -5.000000E+00
         1085   1.350000E+02   3.500000E+01  -5.000000E+00
         1086   1.400000E+02   3.500000E+01  -5.000000E+00
         1087   1.450000E+02   3.500000E+01  -5.000000E+00
         1088   1.500000E+02   3.500000E+01  -5.000000E+00
         1089   1.550000E+02   3.500000E+01  -5.000000E+00
         1090   1.600000E+02   3.500000E+01  -5.000000E+00
         1091   1.650000E+02   3.500000E+01  -5.000000E+00
         1092   1.700000E+02   3.500000E+01  -5.000000E+00
         1093   1.750000E+02   3.500000E+01  -5.000000E+00
         1094   1.800000E+02   3.500000E+01  -5.000000E+00
         1095   1.850000E+02   3.500000E+01  -5.000000E+00
         1096   1.900000E+02   3.500000E+01  -5.000000E+00
         1097   1.950000E+02   3.500000E+01  -5.000000E+00
         1098   2.000000E+02   3.500000E+01  -5.000000E+00
         1099   2.050000E+02   3.500000E+01  -5.000000E+00
         1100   2.100000E+02   3.500000E+01  -5.000000E+00
         1101   2.150000E+02   3.500000E+01  -5.000000E+00
         1102   2.200000E+02   3.500000E+01  -5.000000E+00
         1103   2.250000E+02   3.500000E+01  -5.000000E+00
         1104   2.500000E+01   3.000000E+01  -5.000000E+00
         1105   3.000000E+01   3.000000E+01  -5.000000E+00
         1106   3.500000E+01   3.000000E+01  -5.000000E+00
         1107   4.000000E+01   3.000000E+01  -5.000000E+00
         1108   4.500000E+01   3.000000E+01  -5.000000E+00
         1109   5.000000E+01   3.000000E+01  -5.000000E+00
         1110   5.500000E+01   3.000000E+01  -5.000000E+00
         1111   6.000000E+01   3.000000E+01  -5.000000E+00
         1112   6.500000E+01   3.000000E+01  -5.000000E+00
         1113   7.000000E+01   3.000000E+01  -5.000000E+00
         1114   7.500000E+01   3.000000E+01  -5.000000E+00
         1115   8.000000E+01   3.000000E+01  -5.000000E+00
         1116   8.500000E+01   3.000000E+01  -5.000000E+00
         1117   9.000000E+01   3.000000E+01  -5.000000E+00
         1118   9.500000E+01   3.000000E+01  -5.000000E+00
         1119   1.000000E+02   3.000000E+01  -5.000000E+00
         1120   1.050000E+02   3.000000E+01  -5.000000E+00
         1121   1.100000E+02   3.000000E+01  -5.000000E+00
         1122   1.150000E+02   3.000000E+01  -5.000000E+00
         1123   1.200000E+02   3.000000E+01  -5.000000E+00
         1124   1.250000E+02   3.000000E+01  -5.000000E+00
         1125   1.300000E+02   3.000000E+01  -5.000000E+00
         1126   1.350000E+02   3.000000E+01  -5.000000E+00
         1127   1.400000E+02   3.000000E+01  -5.000000E+00
         1128   1.450000E+02   3.000000E+01  -5.000000E+00
         1129   1.500000E+02   3.000000E+01  -5.000000E+00
         1130   1.550000E+02   3.000000E+01  -5.000000E+00
         1131   1.600000E+02   3.000000E+01  -5.000000E+00
         1132   1.650000E+02   3.000000E+01  -5.000000E+00
         1133   1.700000E+02   3.000000E+01  -5.000000E+00
         1134   1.750000E+02   3.000000E+01  -5.000000E+00
         1135   1.800000E+02   3.000000E+01  -5.000000E+00
         1136   1.850000E+02   3.000000E+01  -5.000000E+00
         1137   1.900000E+02   3.000000E+01  -5.000000E+00
         1138   1.950000E+02   3.000000E+01  -5.000000E+00
         1139   2.000000E+02   3.000000E+01  -5.000000E+00
         1140   2.050000E+02   3.000000E+01  -5.000000E+00
         1141   2.100000E+02   3.000000E+01  -5.000000E+00
         1142   3.000000E+01   2.500000E+01  -5.000000E+00
         1143   3.500000E+01   2.500000E+01  -5.000000E+00
         1144   4.000000E+01   2.500000E+01  -5.000000E+00
         1145   4.500000E+01   2.500000E+01  -5.000000E+00
         1146   5.000000E+01   2.500000E+01  -5.000000E+00
         1147   5.500000E+01   2.500000E+01  -5.000000E+00
         1148   6.000000E+01   2.500000E+01  -5.000000E+00
         1149   6.500000E+01   2.500000E+01  -5.000000E+00
         1150   7.000000E+01   2.500000E+01  -5.000000E+00
         1151   7.500000E+01   2.500000E+01  -5.000000E+00
         1152   8.000000E+01   2.500000E+01  -5.000000E+00
         1153   8.500000E+01   2.500000E+01  -5.000000E+00
         1154   9.000000E+01   2.500000E+01  -5.000000E+00
         1155   9.500000E+01   2.500000E+01  -5.000000E+00
         1156   1.000000E+02   2.500000E+01  -5.000000E+00
         1157   1.050000E+02   2.500000E+01  -5.000000E+00
         1158   1.100000E+02   2.500000E+01  -5.000000E+00
         1159   1.150000E+02   2.500000E+01  -5.000000E+00
         1160   1.200000E+02   2.500000E+01  -5.000000E+00
         1161   1.250000E+02   2.500000E+01  -5.000000E+00
         1162   1.300000E+02   2.500000E+01  -5.000000E+00
         1163   1.350000E+02   2.500000E+01  -5.000000E+00
         1164   1.400000E+02   2.500000E+01  -5.000000E+00
         1165   1.450000E+02   2.500000E+01  -5.000000E+00
         1166   1.500000E+02   2.500000E+01  -5.000000E+00
         1167   1.550000E+02   2.500000E+01  -5.000000E+00
         1168   1.600000E+02   2.500000E+01  -5.000000E+00
         1169   1.650000E+02   2.500000E+01  -5.000000E+00
         1170   1.700000E+02   2.500000E+01  -5.000000E+00
         1171   1.750000E+02   2.500000E+01  -5.000000E+00
         1172   1.800000E+02   2.500000E+01  -5.000000E+00
         1173   1.850000E+02   2.500000E+01  -5.000000E+00
         1174   1.900000E+02   2.500000E+01  -5.000000E+00
         1175   1.950000E+02   2.500000E+01  -5.000000E+00
         1176   3.500000E+01   2.000000E+01  -5.000000E+00
         1177   4.000000E+01   2.000000E+01  -5.000000E+00
         1178   4.500000E+01   2.000000E+01  -5.000000E+00
         1179   5.000000E+01   2.000000E+01  -5.000000E+00
         1180   5.500000E+01   2.000000E+01  -5.000000E+00
         1181   6.000000E+01   2.000000E+01  -5.000000E+00
         1182   6.500000E+01   2.000000E+01  -5.000000E+00
         1183   7.000000E+01   2.000000E+01  -5.000000E+00
         1184   7.500000E+01   2.000000E+01  -5.000000E+00
         1185   8.000000E+01   2.000000E+01  -5.000000E+00
         1186   8.500000E+01   2.000000E+01  -5.000000E+00
         1187   9.000000E+01   2.000000E+01  -5.000000E+00
         1188   9.500000E+01   2.000000E+01  -5.000000E+00
         1189   1.000000E+02   2.000000E+01  -5.000000E+00
         1190   1.050000E+02   2.000000E+01  -5.000000E+00
         1191   1.100000E+02   2.000000E+01  -5.000000E+00
         1192   1.150000E+02   2.000000E+01  -5.000000E+00
         1193   1.200000E+02   2.000000E+01  -5.000000E+00
         1194   1.250000E+02   2.000000E+01  -5.000000E+00
         1195   1.300000E+02   2.000000E+01  -5.000000E+00
         1196   1.350000E+02   2.000000E+01  -5.000000E+00
         1197   1.400000E+02   2.000000E+01  -5.000000E+00
         1198   1.450000E+02   2.000000E+01  -5.000000E+00
         1199   1.500000E+02   2.000000E+01  -5.000000E+00
         1200   1.550000E+02   2.000000E+01  -5.000000E+00
         1201   1.600000E+02   2.000000E+01  -5.000000E+00
         1202   1.650000E+02   2.000000E+01  -5.000000E+00
         1203   1.700000E+02   2.000000E+01  -5.000000E+00
         1204   1.750000E+02   2.000000E+01  -5.000000E+00
         1205   1.800000E+02   2.000000E+01  -5.000000E+00
         1206   3.500000E+01   1.500000E+01  -5.000000E+00
         1207   4.000000E+01   1.500000E+01  -5.000000E+00
         1208   4.500000E+01   1.500000E+01  -5.000000E+00
         1209   5.000000E+01   1.500000E+01  -5.000000E+00
         1210   5.500000E+01   1.500000E+01  -5.000000E+00
         1211   6.000000E+01   1.500000E+01  -5.000000E+00
         1212   6.500000E+01   1.500000E+01  -5.000000E+00
         1213   7.000000E+01   1.500000E+01  -5.000000E+00
         1214   7.500000E+01   1.500000E+01  -5.000000E+00
         1215   8.000000E+01   1.500000E+01  -5.000000E+00
         1216   8.500000E+01   1.500000E+01  -5.000000E+00
         1217   9.000000E+01   1.500000E+01  -5.000000E+00
         1218   9.500000E+01   1.500000E+01  -5.000000E+00
         1219   1.000000E+02   1.500000E+01  -5.000000E+00
         1220   1.050000E+02   1.500000E+01  -5.000000E+00
         1221   1.100000E+02   1.500000E+01  -5.000000E+00
         1222   1.150000E+02   1.500000E+01  -5.000000E+00
         1223   1.200000E+02   1.500000E+01  -5.000000E+00
         1224   1.250000E+02   1.500000E+01  -5.000000E+00
         1225   1.300000E+02   1.500000E+01  -5.000000E+00
         1226   1.350000E+02   1.500000E+01  -5.000000E+00
         1227   1.400000E+02   1.500000E+01  -5.000000E+00
         1228   1.450000E+02   1.500000E+01  -5.000000E+00
         1229   1.500000E+02   1.500000E+01  -5.000000E+00
         1230   1.550000E+02   1.500000E+01  -5.000000E+00
         1231   1.600000E+02   1.500000E+01  -5.000000E+00
         1232   1.650000E+02   1.500000E+01  -5.000000E+00
         1233   4.500000E+01   1.000000E+01  -5.000000E+00
         1234   5.000000E+01   1.000000E+01  -5.000000E+00
         1235   5.500000E+01   1.000000E+01  -5.000000E+00
         1236   6.000000E+01   1.000000E+01  -5.000000E+00
         1237   6.500000E+01   1.000000E+01  -5.000000E+00
         1238   7.000000E+01   1.000000E+01  -5.000000E+00
         1239   7.500000E+01   1.000000E+01  -5.000000E+00
         1240   8.000000E+01   1.000000E+01  -5.000000E+00
         1241   8.500000E+01   1.000000E+01  -5.000000E+00
         1242   9.000000E+01   1.000000E+01  -5.000000E+00
         1243   9.500000E+01   1.000000E+01  -5.000000E+00
         1244   1.000000E+02   1.000000E+01  -5.000000E+00
         1245   1.050000E+02   1.000000E+01  -5.000000E+00
         1246   1.100000E+02   1.000000E+01  -5.000000E+00
